-- 用户
INSERT INTO sys_user (id, tenant_id, company_id, department_id, name, login_name, login_password, is_locked, phone, email, qy_open_id, wechat, remarks, create_by, create_date, update_by, update_date, del_flag) VALUES ('1000', '0', '0', '0', '超级管理员', 'super', '9e59eb630c1019ac5747817e0e550e73', '0', '', '', '', '', '', '系统管理员(system)', '2020-12-02 11:50:05', '系统管理员(system)', '2020-12-02 12:49:14', '0');
INSERT INTO sys_user (id, tenant_id, company_id, department_id, name, login_name, login_password, is_locked, phone, email, qy_open_id, wechat, remarks, create_by, create_date, update_by, update_date, del_flag) VALUES ('1001', '0', '0', '0', '系统管理员', 'system', '0b8016b98b60b51f624b31915a00dfc9', '0', '', '', '', '', '', '系统管理员', '2019-07-23 17:08:59', '系统管理员(system)', '2020-12-02 12:49:04', '0');


-- 角色
INSERT INTO sys_role (id, code, name, is_locked, remarks, create_by, create_date, update_by, update_date, del_flag) VALUES ('2000', 'supers', '超级管理', '0', '', '系统管理员(system)', '2020-09-08 13:55:07', '系统管理员(system)', '2020-12-02 11:44:09', '0');
INSERT INTO sys_role (id, code, name, is_locked, remarks, create_by, create_date, update_by, update_date, del_flag) VALUES ('2001', 'admins', '系统管理', '0', '', '系统管理员', '2019-07-23 15:35:15', '超级管理员(super)', '2023-02-24 14:12:54', '0');
INSERT INTO sys_role (id, code, name, is_locked, remarks, create_by, create_date, update_by, update_date, del_flag) VALUES ('2021', 'tenant_admin', '租户管理', '0', ' ', '系统管理员(system)', '2020-09-08 13:55:07', '系统管理员(system)', '2020-12-02 11:44:09', '0');
INSERT INTO sys_role (id, code, name, is_locked, remarks, create_by, create_date, update_by, update_date, del_flag) VALUES ('2031', 'company_admin', '公司管理', '0', ' ', '系统管理员(system)', '2020-09-08 13:55:07', '超级管理员(super)', '2023-02-24 12:56:13', '0');
INSERT INTO sys_role (id, code, name, is_locked, remarks, create_by, create_date, update_by, update_date, del_flag) VALUES ('2032', 'customer', '普通员工', '0', '', '超级管理员(super)', '2023-02-24 13:09:37', '超级管理员(super)', '2023-02-24 13:09:37', '0');


-- 用户角色
INSERT INTO sys_user_role (id, user_id, role_id, remarks, create_by, create_date, update_by, update_date, del_flag) VALUES ('12000', '1000', '2000', '', '系统管理员(system)', '2020-12-02 12:49:14', '系统管理员(system)', '2020-12-02 12:49:14', '0');
INSERT INTO sys_user_role (id, user_id, role_id, remarks, create_by, create_date, update_by, update_date, del_flag) VALUES ('12001', '1001', '2001', '', '系统管理员(system)', '2020-12-02 11:50:05', '系统管理员(system)', '2022-01-14 12:16:44', '0');


-- 路由
INSERT INTO sys_router (id, code, url, parent_id, ids, name, sort, can_permission, is_locked, properties, remarks, create_by, create_date, update_by, update_date, del_flag, system_code, icon_id) VALUES ('3000', 'admin/user', 'user', '70679339033575427', '0.70679339033575427.3000.', '用户管理', '1040', '1', '0', '{"meta": {"requiresAuth": true}, "cssClass": "users", "component": "RouterView", "nameFullPath": "企业管理/用户管理"}', '', '系统管理员', '2019-07-23 09:02:29', '超级管理员(super)', '2023-02-14 17:00:38', '0', '0', null);
INSERT INTO sys_router (id, code, url, parent_id, ids, name, sort, can_permission, is_locked, properties, remarks, create_by, create_date, update_by, update_date, del_flag, system_code, icon_id) VALUES ('3003', 'admin/resource', 'resource', '3004', '0.3004.3003.', '资源管理', '7202', '1', '0', '{"meta": {"requiresAuth": true}, "cssClass": "resource", "component": "RouterView", "nameFullPath": "系统管理/资源管理"}', '', '系统管理员', '2019-07-19 06:18:24', '超级管理员(super)', '2023-02-24 10:39:01', '0', '0', null);
INSERT INTO sys_router (id, code, url, parent_id, ids, name, sort, can_permission, is_locked, properties, remarks, create_by, create_date, update_by, update_date, del_flag, system_code, icon_id) VALUES ('3004', '', '', '0', '0.3004.', '系统管理', '98000000', '1', '0', '{"meta": {"requiresAuth": false}, "cssClass": "sysManagement", "nameFullPath": "系统管理"}', '', '系统管理员', '2019-07-18 14:43:52', '超级管理员(super)', '2022-09-13 10:07:15', '0', '0', null);
INSERT INTO sys_router (id, code, url, parent_id, ids, name, sort, can_permission, is_locked, properties, remarks, create_by, create_date, update_by, update_date, del_flag, system_code, icon_id) VALUES ('3007', 'admin/router', 'router', '3004', '0.3004.3007.', '路由管理', '7101', '1', '0', '{"meta": {"requiresAuth": true}, "cssClass": "route", "component": "RouterView", "nameFullPath": "系统管理/路由管理"}', '', '系统管理员', '2019-07-18 14:43:52', '超级管理员(super)', '2023-02-24 10:38:53', '0', '0', null);
INSERT INTO sys_router (id, code, url, parent_id, ids, name, sort, can_permission, is_locked, properties, remarks, create_by, create_date, update_by, update_date, del_flag, system_code, icon_id) VALUES ('3009', 'sys/action', 'action', '3004', '0.3004.3009.', '操作日志', '110000', '1', '0', '{"meta": {"requiresAuth": true}, "cssClass": "logs", "component": "RouterView", "nameFullPath": "系统管理/操作日志"}', '', '系统管理员(system)', '2019-12-05 15:59:02', '超级管理员(super)', '2023-02-24 10:39:35', '0', '0', null);
INSERT INTO sys_router (id, code, url, parent_id, ids, name, sort, can_permission, is_locked, properties, remarks, create_by, create_date, update_by, update_date, del_flag, system_code, icon_id) VALUES ('3011', 'sys/dictType', 'dictType', '3004', '0.3004.3011.', '字典数据', '7505', '1', '0', '{"meta": {"requiresAuth": true}, "cssClass": "dataDictionary", "component": "RouterView", "nameFullPath": "系统管理/字典类型管理"}', '', '系统管理员', '2019-08-23 05:58:00', '超级管理员(super)', '2023-02-24 10:39:10', '0', '0', null);
INSERT INTO sys_router (id, code, url, parent_id, ids, name, sort, can_permission, is_locked, properties, remarks, create_by, create_date, update_by, update_date, del_flag, system_code, icon_id) VALUES ('3026', 'sys/theme', 'theme', '3004', '0.3004.3026.', '系统主题', '90000', '1', '0', '{"meta": {"requiresAuth": true}, "cssClass": "theme", "component": "RouterView", "nameFullPath": "系统管理/系统主题"}', '', '超级管理员(super)', '2021-07-16 14:29:31', '超级管理员(super)', '2023-02-24 10:39:19', '0', '0', null);
INSERT INTO sys_router (id, code, url, parent_id, ids, name, sort, can_permission, is_locked, properties, remarks, create_by, create_date, update_by, update_date, del_flag, system_code, icon_id) VALUES ('41105517082353664', 'org/company', 'company', '70679339033575427', '0.70679339033575427.41105517082353664.', '公司管理', '1010', '1', '0', '{"meta": {"requiresAuth": true}, "cssClass": "company", "component": "RouterView", "nameFullPath": "企业管理/公司管理"}', '', '系统管理员(system)', '2020-08-19 16:38:33', '超级管理员(super)', '2023-02-14 16:59:56', '0', '0', null);
INSERT INTO sys_router (id, code, url, parent_id, ids, name, sort, can_permission, is_locked, properties, remarks, create_by, create_date, update_by, update_date, del_flag, system_code, icon_id) VALUES ('52959231682854912', 'org/department', 'department', '70679339033575427', '0.70679339033575427.52959231682854912.', '部门管理', '1020', '1', '0', '{"meta": {"requiresAuth": true}, "cssClass": "department", "component": "RouterView", "nameFullPath": "企业管理/部门管理"}', '', '系统管理员(system)', '2020-08-27 16:17:56', '超级管理员(super)', '2023-02-14 17:00:10', '0', '0', null);
INSERT INTO sys_router (id, code, url, parent_id, ids, name, sort, can_permission, is_locked, properties, remarks, create_by, create_date, update_by, update_date, del_flag, system_code, icon_id) VALUES ('70679339033575427', '', '', '0', '0.70679339033575427.', '企业管理', '1010', '1', '0', '{"meta": {"requiresAuth": true}, "cssClass": "orgStructure", "nameFullPath": "企业管理"}', '', '系统管理员(system)', '2020-09-08 14:57:11', '超级管理员(super)', '2023-02-14 16:59:17', '0', '0', null);
INSERT INTO sys_router (id, code, url, parent_id, ids, name, sort, can_permission, is_locked, properties, remarks, create_by, create_date, update_by, update_date, del_flag, system_code, icon_id) VALUES ('552789263395020803', 'homepage/components/oftenApp.vue', '02', '570619064204943406', '0.570619064204943406.552789263395020803.', '常用应用', '20000', '1', '0', '{"meta": {"requiresAuth": true}, "cssClass": "el-icon-menu", "component": "RouterView", "nameFullPath": "首页/常用应用"}', '', '超级管理员(super)', '2021-08-11 10:38:48', '超级管理员(super)', '2022-03-01 11:36:05', '0', '0', null);
INSERT INTO sys_router (id, code, url, parent_id, ids, name, sort, can_permission, is_locked, properties, remarks, create_by, create_date, update_by, update_date, del_flag, system_code, icon_id) VALUES ('552789263395020805', 'homepage/components/todayWork.vue', '04', '570619064204943406', '0.570619064204943406.552789263395020805.', '我的日程', '40000', '1', '0', '{"meta": {"requiresAuth": true}, "cssClass": "el-icon-menu", "component": "RouterView", "nameFullPath": "首页/我的日程"}', '', '超级管理员(super)', '2021-08-11 10:39:25', '超级管理员(super)', '2022-03-01 10:31:52', '0', '0', null);
INSERT INTO sys_router (id, code, url, parent_id, ids, name, sort, can_permission, is_locked, properties, remarks, create_by, create_date, update_by, update_date, del_flag, system_code, icon_id) VALUES ('552789263395020915', '01', '01', '570619064204943406', '0.570619064204943406.552789263395020915.', '个人信息', '3', '1', '1', '{"meta": {"requiresAuth": true}, "cssClass": "el-icon-menu", "component": "RouterView", "nameFullPath": "首页/个人信息"}', '', '超级管理员(super)', '2021-08-11 10:38:24', '超级管理员(super)', '2022-01-28 16:31:32', '0', '0', null);
INSERT INTO sys_router (id, code, url, parent_id, ids, name, sort, can_permission, is_locked, properties, remarks, create_by, create_date, update_by, update_date, del_flag, system_code, icon_id) VALUES ('570619064204943406', 'homepage/homepage', 'homepage', '0', '0.570619064204943406.', '首页', '1', '1', '0', '{"meta": {"requiresAuth": true}, "cssClass": "home", "component": "RouterView", "nameFullPath": "首页"}', '', '超级管理员(super)', '2021-08-11 10:37:30', '超级管理员(super)', '2023-01-09 18:15:08', '0', '0', null);
INSERT INTO sys_router (id, code, url, parent_id, ids, name, sort, can_permission, is_locked, properties, remarks, create_by, create_date, update_by, update_date, del_flag, system_code, icon_id) VALUES ('683902640570327041', 'schedule/scheduleJob', 'scheduleJob', '3004', '0.3004.683902640570327041.', '定时任务', '100000', '1', '0', '{"meta": {"requiresAuth": true}, "cssClass": "time", "component": "RouterView", "nameFullPath": "系统管理/定时任务"}', '', '超级管理员(super)', '2021-10-26 17:56:03', '超级管理员(super)', '2023-02-24 10:39:28', '0', '0', null);
INSERT INTO sys_router (id, code, url, parent_id, ids, name, sort, can_permission, is_locked, properties, remarks, create_by, create_date, update_by, update_date, del_flag, system_code, icon_id) VALUES ('879380741260567087', 'homepage/components/Person.vue', '023', '570619064204943406', '0.570619064204943406.879380741260567087.', '个人信息', '50000', '1', '0', '{"meta": {"requiresAuth": true}, "cssClass": "el-icon-menu", "component": "RouterView", "nameFullPath": "首页/个人信息"}', '', '超级管理员(super)', '2022-03-07 11:09:12', '超级管理员(super)', '2022-03-07 11:09:12', '0', '0', null);
INSERT INTO sys_router (id, code, url, parent_id, ids, name, sort, can_permission, is_locked, properties, remarks, create_by, create_date, update_by, update_date, del_flag, system_code, icon_id) VALUES ('1373981684633247745', 'ten/tenant', 'tenant', '70679339033575427', '0.70679339033575427.1373981684633247745.', '租户管理', '1050', '1', '0', '{"meta": {"requiresAuth": true}, "cssClass": "users", "component": "RouterView", "nameFullPath": "企业管理/租户管理"}', '', '超级管理员(super)', '2023-02-03 15:41:38', '超级管理员(super)', '2023-02-24 10:38:20', '0', '0', null);
INSERT INTO sys_router (id, code, url, parent_id, ids, name, sort, can_permission, is_locked, properties, remarks, create_by, create_date, update_by, update_date, del_flag, system_code, icon_id) VALUES ('1391744621398016002', 'ten/tenantApp', 'tenantApp', '70679339033575427', '0.70679339033575427.1391744621398016002.', '租户应用管理', '1060', '1', '0', '{"meta": {"requiresAuth": true}, "cssClass": "users", "component": "RouterView", "nameFullPath": "企业管理/租户应用管理"}', '', '超级管理员(super)', '2023-02-15 14:52:04', '超级管理员(super)', '2023-02-24 10:38:29', '0', '0', null);
INSERT INTO sys_router (id, code, url, parent_id, ids, name, sort, can_permission, is_locked, properties, remarks, create_by, create_date, update_by, update_date, del_flag, system_code, icon_id) VALUES ('1400572754877038596', 'org/companyApp', 'companyApp', '70679339033575427', '0.70679339033575427.1400572754877038596.', '公司应用管理', '1070', '1', '0', '{"meta": {"requiresAuth": true}, "cssClass": "users", "component": "RouterView", "nameFullPath": "企业管理/公司应用管理"}', '', '超级管理员(super)', '2023-02-21 14:02:20', '超级管理员(super)', '2023-02-24 10:38:38', '0', '0', null);
INSERT INTO sys_router (id, code, url, parent_id, ids, name, sort, can_permission, is_locked, properties, remarks, create_by, create_date, update_by, update_date, del_flag, system_code, icon_id) VALUES ('1403580348676177938', 'admin/role', 'role', '3004', '0.3004.1403580348676177938.', '角色管理', '80000', '1', '0', '{"meta": {"requiresAuth": true}, "cssClass": "roles", "component": "RouterView", "nameFullPath": "系统管理/角色管理"}', '', '超级管理员(super)', '2023-02-23 16:30:11', '超级管理员(super)', '2023-02-23 16:30:11', '0', '0', null);


-- 资源
INSERT INTO sys_resource (id, name, code, url, permission, can_permission, is_default, is_locked, router_id, remarks, create_by, create_date, update_by, update_date, del_flag, properties) VALUES ('9000', '查询数据字典', 'dictType', '/dictType', 'dictType:list', '1', '0', '0', '3011', '', '系统管理员(system)', '2020-03-25 15:41:02', '系统管理员(system)', '2020-03-25 15:41:02', '0', '');
INSERT INTO sys_resource (id, name, code, url, permission, can_permission, is_default, is_locked, router_id, remarks, create_by, create_date, update_by, update_date, del_flag, properties) VALUES ('9001', '删除用户', 'user', '/user', 'user:delete', '1', '0', '0', '3000', '', '系统管理员', '2019-07-23 09:03:44', '系统管理员', '2019-07-23 09:03:44', '0', '');
INSERT INTO sys_resource (id, name, code, url, permission, can_permission, is_default, is_locked, router_id, remarks, create_by, create_date, update_by, update_date, del_flag, properties) VALUES ('9002', '导出角色', 'role', '/role', 'role:export', '1', '0', '0', '3001', '', '系统管理员', '2019-07-23 07:30:56', '系统管理员', '2019-07-23 07:30:56', '0', '');
INSERT INTO sys_resource (id, name, code, url, permission, can_permission, is_default, is_locked, router_id, remarks, create_by, create_date, update_by, update_date, del_flag, properties) VALUES ('9003', '删除数据字典', 'dictType', '/dictType', 'dictType:delete', '1', '0', '0', '3011', '', '系统管理员', '2019-08-23 06:00:44', '系统管理员', '2019-08-23 06:20:34', '0', '');
INSERT INTO sys_resource (id, name, code, url, permission, can_permission, is_default, is_locked, router_id, remarks, create_by, create_date, update_by, update_date, del_flag, properties) VALUES ('9004', '还原', 'action', '/action', 'action:restore', '1', '0', '0', '3009', '', '系统管理员(system)', '2019-12-12 14:46:02', '系统管理员(system)', '2019-12-12 14:49:56', '0', '');
INSERT INTO sys_resource (id, name, code, url, permission, can_permission, is_default, is_locked, router_id, remarks, create_by, create_date, update_by, update_date, del_flag, properties) VALUES ('9005', '修改资源', 'resource', '/resource', 'resource:update', '1', '0', '0', '3003', '', '系统管理员', '2019-07-19 14:54:12', '超级管理员(super)', '2022-12-20 16:08:05', '0', '');
INSERT INTO sys_resource (id, name, code, url, permission, can_permission, is_default, is_locked, router_id, remarks, create_by, create_date, update_by, update_date, del_flag, properties) VALUES ('9006', '查询用户', 'user', '/user', 'user:list', '1', '0', '0', '3000', '', '系统管理员(system)', '2020-03-25 15:40:23', '系统管理员(system)', '2020-03-25 15:40:23', '0', '');
INSERT INTO sys_resource (id, name, code, url, permission, can_permission, is_default, is_locked, router_id, remarks, create_by, create_date, update_by, update_date, del_flag, properties) VALUES ('9010', '添加用户', 'user', '/user', 'user:create', '1', '0', '0', '3000', '', '系统管理员', '2019-07-23 09:03:25', '系统管理员', '2019-07-23 09:03:25', '0', '');
INSERT INTO sys_resource (id, name, code, url, permission, can_permission, is_default, is_locked, router_id, remarks, create_by, create_date, update_by, update_date, del_flag, properties) VALUES ('9012', '查看日志', 'action', '/action', 'action:read', '1', '0', '0', '3009', '', '系统管理员(system)', '2019-12-05 16:02:02', '系统管理员(system)', '2019-12-05 16:02:02', '0', '');
INSERT INTO sys_resource (id, name, code, url, permission, can_permission, is_default, is_locked, router_id, remarks, create_by, create_date, update_by, update_date, del_flag, properties) VALUES ('9014', '添加角色', 'role', '/role', 'role:create', '1', '0', '0', '3001', '', '系统管理员', '2019-07-23 07:29:26', '系统管理员', '2019-07-23 07:29:26', '0', '');
INSERT INTO sys_resource (id, name, code, url, permission, can_permission, is_default, is_locked, router_id, remarks, create_by, create_date, update_by, update_date, del_flag, properties) VALUES ('9015', '删除角色', 'role', '/role', 'role:delete', '1', '0', '0', '3001', '', '系统管理员', '2019-07-23 07:30:13', '系统管理员', '2019-07-23 07:34:28', '0', '');
INSERT INTO sys_resource (id, name, code, url, permission, can_permission, is_default, is_locked, router_id, remarks, create_by, create_date, update_by, update_date, del_flag, properties) VALUES ('9016', '修改数据字典', 'dictType', '/dictType', 'dictType:update', '1', '0', '0', '3011', '', '系统管理员', '2019-08-23 06:00:19', '系统管理员', '2019-08-23 06:20:43', '0', '');
INSERT INTO sys_resource (id, name, code, url, permission, can_permission, is_default, is_locked, router_id, remarks, create_by, create_date, update_by, update_date, del_flag, properties) VALUES ('9018', '导出资源', 'resource', '/resource', 'resource:export', '1', '0', '0', '3003', '', '系统管理员', '2019-07-19 14:54:12', '超级管理员(super)', '2022-12-20 16:10:54', '0', '');
INSERT INTO sys_resource (id, name, code, url, permission, can_permission, is_default, is_locked, router_id, remarks, create_by, create_date, update_by, update_date, del_flag, properties) VALUES ('9019', '添加数据字典', 'dictType', '/dictType', 'dictType:create', '1', '0', '0', '3011', '', '系统管理员', '2019-08-23 05:59:10', '系统管理员', '2019-08-23 06:20:50', '0', '');
INSERT INTO sys_resource (id, name, code, url, permission, can_permission, is_default, is_locked, router_id, remarks, create_by, create_date, update_by, update_date, del_flag, properties) VALUES ('9020', '导出路由', 'router', '/router', 'router:export', '1', '0', '0', '3007', '', '系统管理员', '2019-07-19 14:54:12', '系统管理员', '2019-07-19 14:54:12', '0', '');
INSERT INTO sys_resource (id, name, code, url, permission, can_permission, is_default, is_locked, router_id, remarks, create_by, create_date, update_by, update_date, del_flag, properties) VALUES ('9021', '添加路由', 'router', '/router', 'router:create', '1', '0', '0', '3007', '', '系统管理员', '2019-07-19 14:54:12', '系统管理员', '2019-07-19 14:54:12', '0', '');
INSERT INTO sys_resource (id, name, code, url, permission, can_permission, is_default, is_locked, router_id, remarks, create_by, create_date, update_by, update_date, del_flag, properties) VALUES ('9022', '查询日志', 'action', '/action', 'action:list', '1', '0', '0', '3009', '', '系统管理员(system)', '2020-03-25 15:41:46', '系统管理员(system)', '2020-03-25 15:41:46', '0', '');
INSERT INTO sys_resource (id, name, code, url, permission, can_permission, is_default, is_locked, router_id, remarks, create_by, create_date, update_by, update_date, del_flag, properties) VALUES ('9023', '查询角色', 'role', '/role', 'role:list', '1', '0', '0', '3001', '', '系统管理员(system)', '2020-03-25 15:39:35', '超级管理员(super)', '2023-01-05 20:16:06', '0', '');
INSERT INTO sys_resource (id, name, code, url, permission, can_permission, is_default, is_locked, router_id, remarks, create_by, create_date, update_by, update_date, del_flag, properties) VALUES ('9024', '导出数据字典', 'dictType', '/dictType', 'dictType:export', '1', '0', '0', '3011', '', '系统管理员', '2019-08-23 06:01:29', '系统管理员', '2019-08-23 06:20:11', '0', '');
INSERT INTO sys_resource (id, name, code, url, permission, can_permission, is_default, is_locked, router_id, remarks, create_by, create_date, update_by, update_date, del_flag, properties) VALUES ('9026', '查看角色', 'role', '/role', 'role:read', '1', '0', '0', '3001', '', '系统管理员', '2019-07-23 07:30:36', '系统管理员', '2019-07-23 07:30:36', '0', '');
INSERT INTO sys_resource (id, name, code, url, permission, can_permission, is_default, is_locked, router_id, remarks, create_by, create_date, update_by, update_date, del_flag, properties) VALUES ('9027', '修改路由', 'router', '/router', 'router:update', '1', '0', '0', '3007', '', '系统管理员', '2019-07-19 14:54:12', '系统管理员', '2019-07-19 14:54:12', '0', '');
INSERT INTO sys_resource (id, name, code, url, permission, can_permission, is_default, is_locked, router_id, remarks, create_by, create_date, update_by, update_date, del_flag, properties) VALUES ('9029', '删除资源', 'resource', '/resource', 'resource:delete', '1', '0', '0', '3003', '', '系统管理员', '2019-07-19 07:18:09', '超级管理员(super)', '2022-12-20 16:08:15', '0', '');
INSERT INTO sys_resource (id, name, code, url, permission, can_permission, is_default, is_locked, router_id, remarks, create_by, create_date, update_by, update_date, del_flag, properties) VALUES ('9031', '查看用户', 'user', '/user', 'user:read', '1', '0', '0', '3000', '', '系统管理员', '2019-07-23 09:04:43', '系统管理员', '2019-07-23 09:04:43', '0', '');
INSERT INTO sys_resource (id, name, code, url, permission, can_permission, is_default, is_locked, router_id, remarks, create_by, create_date, update_by, update_date, del_flag, properties) VALUES ('9034', '修改角色', 'role', '/role', 'role:update', '1', '0', '0', '3001', '', '系统管理员', '2019-07-23 07:29:48', '系统管理员', '2019-07-23 07:29:48', '0', '');
INSERT INTO sys_resource (id, name, code, url, permission, can_permission, is_default, is_locked, router_id, remarks, create_by, create_date, update_by, update_date, del_flag, properties) VALUES ('9036', '查看路由', 'router', '/router', 'router:read', '1', '0', '0', '3007', '', '系统管理员', '2019-07-19 14:54:12', '超级管理员(super)', '2022-12-08 13:35:23', '0', '');
INSERT INTO sys_resource (id, name, code, url, permission, can_permission, is_default, is_locked, router_id, remarks, create_by, create_date, update_by, update_date, del_flag, properties) VALUES ('9037', '创建资源', 'resource', '/resource', 'resource:create', '1', '0', '0', '3003', '', '系统管理员', '2019-07-19 14:54:12', '超级管理员(super)', '2022-12-20 16:08:12', '0', '');
INSERT INTO sys_resource (id, name, code, url, permission, can_permission, is_default, is_locked, router_id, remarks, create_by, create_date, update_by, update_date, del_flag, properties) VALUES ('9039', '查询路由', 'router', '/router', 'router:list', '1', '0', '0', '3007', '', '系统管理员(system)', '2020-03-25 15:38:35', '系统管理员(system)', '2020-03-25 15:38:35', '0', '');
INSERT INTO sys_resource (id, name, code, url, permission, can_permission, is_default, is_locked, router_id, remarks, create_by, create_date, update_by, update_date, del_flag, properties) VALUES ('9040', '隐藏日志', 'action', '/action', 'action:delete', '0', '0', '1', '3009', '', '系统管理员(system)', '2019-12-12 14:48:25', '超级管理员(super)', '2022-12-22 14:29:33', '0', '');
INSERT INTO sys_resource (id, name, code, url, permission, can_permission, is_default, is_locked, router_id, remarks, create_by, create_date, update_by, update_date, del_flag, properties) VALUES ('9042', '删除路由', 'router', '/router', 'router:delete', '1', '0', '0', '3007', '', '系统管理员', '2019-07-19 14:54:12', '系统管理员', '2019-07-19 14:54:12', '0', '');
INSERT INTO sys_resource (id, name, code, url, permission, can_permission, is_default, is_locked, router_id, remarks, create_by, create_date, update_by, update_date, del_flag, properties) VALUES ('9043', '导出日志', 'action', '/action', 'action:export', '1', '0', '0', '3009', '', '系统管理员(system)', '2019-12-05 16:02:49', '系统管理员(system)', '2019-12-05 16:02:49', '0', '');
INSERT INTO sys_resource (id, name, code, url, permission, can_permission, is_default, is_locked, router_id, remarks, create_by, create_date, update_by, update_date, del_flag, properties) VALUES ('9044', '查询资源', 'resource', '/resource', 'resource:list', '1', '0', '0', '3003', '', '系统管理员(system)', '2020-03-25 15:39:08', '超级管理员(super)', '2022-12-20 16:11:02', '0', '');
INSERT INTO sys_resource (id, name, code, url, permission, can_permission, is_default, is_locked, router_id, remarks, create_by, create_date, update_by, update_date, del_flag, properties) VALUES ('9047', '查看数据字典', 'dictType', '/dictType', 'dictType:read', '1', '0', '0', '3011', '', '系统管理员', '2019-08-23 06:01:14', '系统管理员(system)', '2020-03-25 15:40:45', '0', '');
INSERT INTO sys_resource (id, name, code, url, permission, can_permission, is_default, is_locked, router_id, remarks, create_by, create_date, update_by, update_date, del_flag, properties) VALUES ('9048', '查看资源', 'resource', '/resource', 'resource:read', '1', '0', '0', '3003', '', '系统管理员', '2019-07-19 14:54:12', '超级管理员(super)', '2022-12-20 16:10:59', '0', '');
INSERT INTO sys_resource (id, name, code, url, permission, can_permission, is_default, is_locked, router_id, remarks, create_by, create_date, update_by, update_date, del_flag, properties) VALUES ('9049', '导出用户', 'user', '/user', 'user:export', '1', '0', '0', '3000', '', '系统管理员', '2019-07-23 09:05:02', '系统管理员', '2019-07-23 09:05:02', '0', '');
INSERT INTO sys_resource (id, name, code, url, permission, can_permission, is_default, is_locked, router_id, remarks, create_by, create_date, update_by, update_date, del_flag, properties) VALUES ('9052', '修改用户', 'user', '/user', 'user:update', '1', '0', '0', '3000', '', '系统管理员', '2019-07-23 09:04:04', '系统管理员', '2019-07-23 09:04:04', '0', '');
INSERT INTO sys_resource (id, name, code, url, permission, can_permission, is_default, is_locked, router_id, remarks, create_by, create_date, update_by, update_date, del_flag, properties) VALUES ('9305', '查看系统主题', 'sys/theme', 'theme', 'theme:read', '1', '0', '0', '3026', '', '超级管理员(super)', '2021-07-16 14:29:43', '超级管理员(super)', '2021-07-16 14:29:43', '0', '');
INSERT INTO sys_resource (id, name, code, url, permission, can_permission, is_default, is_locked, router_id, remarks, create_by, create_date, update_by, update_date, del_flag, properties) VALUES ('9306', '删除系统主题', 'sys/theme', 'theme', 'theme:delete', '1', '0', '0', '3026', '', '超级管理员(super)', '2021-07-16 14:29:43', '超级管理员(super)', '2021-07-16 14:29:43', '0', '');
INSERT INTO sys_resource (id, name, code, url, permission, can_permission, is_default, is_locked, router_id, remarks, create_by, create_date, update_by, update_date, del_flag, properties) VALUES ('9307', '更新系统主题', 'sys/theme', 'theme', 'theme:update', '1', '0', '0', '3026', '', '超级管理员(super)', '2021-07-16 14:29:43', '超级管理员(super)', '2021-07-16 14:29:43', '0', '');
INSERT INTO sys_resource (id, name, code, url, permission, can_permission, is_default, is_locked, router_id, remarks, create_by, create_date, update_by, update_date, del_flag, properties) VALUES ('9308', '导出系统主题', 'sys/theme', 'theme', 'theme:export', '1', '0', '0', '3026', '', '超级管理员(super)', '2021-07-16 14:29:43', '超级管理员(super)', '2021-07-16 14:29:43', '0', '');
INSERT INTO sys_resource (id, name, code, url, permission, can_permission, is_default, is_locked, router_id, remarks, create_by, create_date, update_by, update_date, del_flag, properties) VALUES ('9309', '添加系统主题', 'sys/theme', 'theme', 'theme:create', '1', '0', '0', '3026', '', '超级管理员(super)', '2021-07-16 14:29:43', '超级管理员(super)', '2021-07-16 14:29:43', '0', '');
INSERT INTO sys_resource (id, name, code, url, permission, can_permission, is_default, is_locked, router_id, remarks, create_by, create_date, update_by, update_date, del_flag, properties) VALUES ('9310', '查询系统主题', 'sys/theme', 'theme', 'theme:list', '1', '0', '0', '3026', '', '超级管理员(super)', '2021-07-16 14:29:43', '超级管理员(super)', '2021-07-16 14:29:43', '0', '');
INSERT INTO sys_resource (id, name, code, url, permission, can_permission, is_default, is_locked, router_id, remarks, create_by, create_date, update_by, update_date, del_flag, properties) VALUES ('41105517082353666', '导出公司', 'company', '/company', 'company:export', '1', '0', '0', '41105517082353664', '', '系统管理员(system)', '2020-08-19 16:44:48', '系统管理员(system)', '2020-08-19 16:44:48', '0', '');
INSERT INTO sys_resource (id, name, code, url, permission, can_permission, is_default, is_locked, router_id, remarks, create_by, create_date, update_by, update_date, del_flag, properties) VALUES ('41105517082353668', '查看公司', 'company', '/company', 'company:read', '1', '0', '0', '41105517082353664', '', '系统管理员(system)', '2020-08-19 16:45:09', '系统管理员(system)', '2020-08-19 16:45:09', '0', '');
INSERT INTO sys_resource (id, name, code, url, permission, can_permission, is_default, is_locked, router_id, remarks, create_by, create_date, update_by, update_date, del_flag, properties) VALUES ('41105517082353670', '修改公司', 'company', '/company', 'company:update', '1', '0', '0', '41105517082353664', '', '系统管理员(system)', '2020-08-19 16:45:31', '系统管理员(system)', '2020-08-19 16:45:31', '0', '');
INSERT INTO sys_resource (id, name, code, url, permission, can_permission, is_default, is_locked, router_id, remarks, create_by, create_date, update_by, update_date, del_flag, properties) VALUES ('41105517082353672', '添加公司', 'company', '/company', 'company:create', '0', '0', '0', '41105517082353664', '', '系统管理员(system)', '2020-08-19 16:45:49', '超级管理员(super)', '2023-03-22 15:20:05', '0', '');
INSERT INTO sys_resource (id, name, code, url, permission, can_permission, is_default, is_locked, router_id, remarks, create_by, create_date, update_by, update_date, del_flag, properties) VALUES ('41105517082353674', '查询公司', 'company', '/company', 'company:list', '1', '0', '0', '41105517082353664', '', '系统管理员(system)', '2020-08-19 16:46:12', '系统管理员(system)', '2020-08-19 16:46:12', '0', '');
INSERT INTO sys_resource (id, name, code, url, permission, can_permission, is_default, is_locked, router_id, remarks, create_by, create_date, update_by, update_date, del_flag, properties) VALUES ('52959231682854915', '查询部门', 'department', '/department', 'department:list', '1', '0', '0', '52959231682854912', '', '系统管理员(system)', '2020-08-27 16:19:16', '系统管理员(system)', '2020-08-27 16:19:16', '0', '');
INSERT INTO sys_resource (id, name, code, url, permission, can_permission, is_default, is_locked, router_id, remarks, create_by, create_date, update_by, update_date, del_flag, properties) VALUES ('52959231682854917', '查看部门', 'department', '/department', 'department:read', '1', '0', '0', '52959231682854912', '', '系统管理员(system)', '2020-08-27 16:19:32', '系统管理员(system)', '2020-08-27 16:19:32', '0', '');
INSERT INTO sys_resource (id, name, code, url, permission, can_permission, is_default, is_locked, router_id, remarks, create_by, create_date, update_by, update_date, del_flag, properties) VALUES ('52959231682854919', '添加部门', 'department', '/department', 'department:create', '1', '0', '0', '52959231682854912', '', '系统管理员(system)', '2020-08-27 16:19:54', '系统管理员(system)', '2020-08-27 16:19:54', '0', '');
INSERT INTO sys_resource (id, name, code, url, permission, can_permission, is_default, is_locked, router_id, remarks, create_by, create_date, update_by, update_date, del_flag, properties) VALUES ('52959231682854921', '修改部门', 'department', '/department', 'department:update', '1', '0', '0', '52959231682854912', '', '系统管理员(system)', '2020-08-27 16:20:08', '系统管理员(system)', '2020-08-27 16:20:08', '0', '');
INSERT INTO sys_resource (id, name, code, url, permission, can_permission, is_default, is_locked, router_id, remarks, create_by, create_date, update_by, update_date, del_flag, properties) VALUES ('52959231682854923', '导出部门', 'department', '/department', 'department:export', '1', '0', '0', '52959231682854912', '', '系统管理员(system)', '2020-08-27 16:20:40', '系统管理员(system)', '2020-08-27 16:20:40', '0', '');
INSERT INTO sys_resource (id, name, code, url, permission, can_permission, is_default, is_locked, router_id, remarks, create_by, create_date, update_by, update_date, del_flag, properties) VALUES ('54172422505193473', '删除公司', 'company', '/company', 'company:delete', '0', '0', '0', '41105517082353664', '', '系统管理员(system)', '2020-08-28 11:56:17', '系统管理员(system)', '2020-08-28 11:56:17', '0', '');
INSERT INTO sys_resource (id, name, code, url, permission, can_permission, is_default, is_locked, router_id, remarks, create_by, create_date, update_by, update_date, del_flag, properties) VALUES ('54172422505193475', '删除部门', 'department', '/department', 'department:delete', '1', '0', '0', '52959231682854912', '', '系统管理员(system)', '2020-08-28 11:56:35', '系统管理员(system)', '2020-08-28 11:56:35', '0', '');
INSERT INTO sys_resource (id, name, code, url, permission, can_permission, is_default, is_locked, router_id, remarks, create_by, create_date, update_by, update_date, del_flag, properties) VALUES ('664172814948868268', '查询个人信息', '01', '01', '01:list', '1', '0', '0', '552789263395020915', '', '超级管理员(super)', '2021-10-13 15:02:37', '超级管理员(super)', '2023-01-05 19:56:19', '0', '');
INSERT INTO sys_resource (id, name, code, url, permission, can_permission, is_default, is_locked, router_id, remarks, create_by, create_date, update_by, update_date, del_flag, properties) VALUES ('664172814948868270', '查看个人信息', '01', '01', '01:read', '1', '0', '0', '552789263395020915', '', '超级管理员(super)', '2021-10-13 15:02:37', '超级管理员(super)', '2021-10-13 15:02:37', '0', '');
INSERT INTO sys_resource (id, name, code, url, permission, can_permission, is_default, is_locked, router_id, remarks, create_by, create_date, update_by, update_date, del_flag, properties) VALUES ('664172814948868271', '添加个人信息', '01', '01', '01:create', '1', '0', '0', '552789263395020915', '', '超级管理员(super)', '2021-10-13 15:02:37', '超级管理员(super)', '2021-10-13 15:02:37', '0', '');
INSERT INTO sys_resource (id, name, code, url, permission, can_permission, is_default, is_locked, router_id, remarks, create_by, create_date, update_by, update_date, del_flag, properties) VALUES ('664172814948868272', '导出个人信息', '01', '01', '01:export', '1', '0', '0', '552789263395020915', '', '超级管理员(super)', '2021-10-13 15:02:37', '超级管理员(super)', '2021-10-13 15:02:37', '0', '');
INSERT INTO sys_resource (id, name, code, url, permission, can_permission, is_default, is_locked, router_id, remarks, create_by, create_date, update_by, update_date, del_flag, properties) VALUES ('664172814948868273', '删除个人信息', '01', '01', '01:delete', '1', '0', '0', '552789263395020915', '', '超级管理员(super)', '2021-10-13 15:02:37', '超级管理员(super)', '2021-10-13 15:02:37', '0', '');
INSERT INTO sys_resource (id, name, code, url, permission, can_permission, is_default, is_locked, router_id, remarks, create_by, create_date, update_by, update_date, del_flag, properties) VALUES ('664172814948868274', '更新个人信息', '01', '01', '01:update', '1', '0', '0', '552789263395020915', '', '超级管理员(super)', '2021-10-13 15:02:37', '超级管理员(super)', '2021-10-13 15:02:37', '0', '');
INSERT INTO sys_resource (id, name, code, url, permission, can_permission, is_default, is_locked, router_id, remarks, create_by, create_date, update_by, update_date, del_flag, properties) VALUES ('664172814948868280', '查看常用应用', '02', '02', '02:read', '1', '1', '0', '552789263395020803', '', '超级管理员(super)', '2021-10-13 15:02:44', '超级管理员(super)', '2022-01-28 17:12:35', '0', '');
INSERT INTO sys_resource (id, name, code, url, permission, can_permission, is_default, is_locked, router_id, remarks, create_by, create_date, update_by, update_date, del_flag, properties) VALUES ('664172814948868281', '导出常用应用', '02', '02', '02:export', '1', '0', '0', '552789263395020803', '', '超级管理员(super)', '2021-10-13 15:02:44', '超级管理员(super)', '2021-10-13 15:02:44', '0', '');
INSERT INTO sys_resource (id, name, code, url, permission, can_permission, is_default, is_locked, router_id, remarks, create_by, create_date, update_by, update_date, del_flag, properties) VALUES ('664172814948868282', '查询常用应用', '02', '02', '02:list', '1', '0', '0', '552789263395020803', '', '超级管理员(super)', '2021-10-13 15:02:44', '超级管理员(super)', '2021-10-13 15:02:44', '0', '');
INSERT INTO sys_resource (id, name, code, url, permission, can_permission, is_default, is_locked, router_id, remarks, create_by, create_date, update_by, update_date, del_flag, properties) VALUES ('664172814948868283', '更新常用应用', '02', '02', '02:update', '1', '0', '0', '552789263395020803', '', '超级管理员(super)', '2021-10-13 15:02:44', '超级管理员(super)', '2021-10-13 15:02:44', '0', '');
INSERT INTO sys_resource (id, name, code, url, permission, can_permission, is_default, is_locked, router_id, remarks, create_by, create_date, update_by, update_date, del_flag, properties) VALUES ('664172814948868284', '删除常用应用', '02', '02', '02:delete', '1', '0', '0', '552789263395020803', '', '超级管理员(super)', '2021-10-13 15:02:44', '超级管理员(super)', '2021-10-13 15:02:44', '0', '');
INSERT INTO sys_resource (id, name, code, url, permission, can_permission, is_default, is_locked, router_id, remarks, create_by, create_date, update_by, update_date, del_flag, properties) VALUES ('664172814948868285', '添加常用应用', '02', '02', '02:create', '1', '0', '0', '552789263395020803', '', '超级管理员(super)', '2021-10-13 15:02:44', '超级管理员(super)', '2021-10-13 15:02:44', '0', '');
INSERT INTO sys_resource (id, name, code, url, permission, can_permission, is_default, is_locked, router_id, remarks, create_by, create_date, update_by, update_date, del_flag, properties) VALUES ('664172814948868304', '添加我的日程', '04', '04', '04:create', '1', '1', '0', '552789263395020805', '', '超级管理员(super)', '2021-10-13 15:02:51', '超级管理员(super)', '2022-01-28 17:12:58', '0', '');
INSERT INTO sys_resource (id, name, code, url, permission, can_permission, is_default, is_locked, router_id, remarks, create_by, create_date, update_by, update_date, del_flag, properties) VALUES ('664172814948868305', '删除我的日程', '04', '04', '04:delete', '1', '0', '0', '552789263395020805', '', '超级管理员(super)', '2021-10-13 15:02:51', '超级管理员(super)', '2021-10-13 15:02:51', '0', '');
INSERT INTO sys_resource (id, name, code, url, permission, can_permission, is_default, is_locked, router_id, remarks, create_by, create_date, update_by, update_date, del_flag, properties) VALUES ('664172814948868306', '查询我的日程', '04', '04', '04:list', '1', '0', '0', '552789263395020805', '', '超级管理员(super)', '2021-10-13 15:02:51', '超级管理员(super)', '2021-10-13 15:02:51', '0', '');
INSERT INTO sys_resource (id, name, code, url, permission, can_permission, is_default, is_locked, router_id, remarks, create_by, create_date, update_by, update_date, del_flag, properties) VALUES ('664172814948868307', '导出我的日程', '04', '04', '04:export', '1', '0', '0', '552789263395020805', '', '超级管理员(super)', '2021-10-13 15:02:51', '超级管理员(super)', '2021-10-13 15:02:51', '0', '');
INSERT INTO sys_resource (id, name, code, url, permission, can_permission, is_default, is_locked, router_id, remarks, create_by, create_date, update_by, update_date, del_flag, properties) VALUES ('664172814948868308', '查看我的日程', '04', '04', '04:read', '1', '0', '0', '552789263395020805', '', '超级管理员(super)', '2021-10-13 15:02:51', '超级管理员(super)', '2021-10-13 15:02:51', '0', '');
INSERT INTO sys_resource (id, name, code, url, permission, can_permission, is_default, is_locked, router_id, remarks, create_by, create_date, update_by, update_date, del_flag, properties) VALUES ('664172814948868309', '更新我的日程', '04', '04', '04:update', '1', '0', '0', '552789263395020805', '', '超级管理员(super)', '2021-10-13 15:02:51', '超级管理员(super)', '2021-10-13 15:02:51', '0', '');
INSERT INTO sys_resource (id, name, code, url, permission, can_permission, is_default, is_locked, router_id, remarks, create_by, create_date, update_by, update_date, del_flag, properties) VALUES ('683902640570327047', '查询定时任务', 'schedule/scheduleJob', 'scheduleJob', 'scheduleJob:list', '1', '0', '0', '683902640570327041', '', '超级管理员(super)', '2021-10-26 17:56:39', '超级管理员(super)', '2021-10-26 17:56:39', '0', '');
INSERT INTO sys_resource (id, name, code, url, permission, can_permission, is_default, is_locked, router_id, remarks, create_by, create_date, update_by, update_date, del_flag, properties) VALUES ('683902640570327049', '查看定时任务', 'schedule/scheduleJob', 'scheduleJob', 'scheduleJob:read', '1', '0', '0', '683902640570327041', '', '超级管理员(super)', '2021-10-26 17:56:39', '超级管理员(super)', '2021-10-26 17:56:39', '0', '');
INSERT INTO sys_resource (id, name, code, url, permission, can_permission, is_default, is_locked, router_id, remarks, create_by, create_date, update_by, update_date, del_flag, properties) VALUES ('683902640570327050', '添加定时任务', 'schedule/scheduleJob', 'scheduleJob', 'scheduleJob:create', '1', '0', '0', '683902640570327041', '', '超级管理员(super)', '2021-10-26 17:56:39', '超级管理员(super)', '2021-10-26 17:56:39', '0', '');
INSERT INTO sys_resource (id, name, code, url, permission, can_permission, is_default, is_locked, router_id, remarks, create_by, create_date, update_by, update_date, del_flag, properties) VALUES ('683902640570327051', '导出定时任务', 'schedule/scheduleJob', 'scheduleJob', 'scheduleJob:export', '1', '0', '0', '683902640570327041', '', '超级管理员(super)', '2021-10-26 17:56:39', '超级管理员(super)', '2021-10-26 17:56:39', '0', '');
INSERT INTO sys_resource (id, name, code, url, permission, can_permission, is_default, is_locked, router_id, remarks, create_by, create_date, update_by, update_date, del_flag, properties) VALUES ('683902640570327052', '更新定时任务', 'schedule/scheduleJob', 'scheduleJob', 'scheduleJob:update', '1', '0', '0', '683902640570327041', '', '超级管理员(super)', '2021-10-26 17:56:39', '超级管理员(super)', '2021-10-26 17:56:39', '0', '');
INSERT INTO sys_resource (id, name, code, url, permission, can_permission, is_default, is_locked, router_id, remarks, create_by, create_date, update_by, update_date, del_flag, properties) VALUES ('683902640570327056', '删除定时任务', 'schedule/scheduleJob', 'scheduleJob', 'scheduleJob:delete', '1', '0', '0', '683902640570327041', '', '超级管理员(super)', '2021-10-26 17:56:39', '超级管理员(super)', '2021-10-26 17:56:39', '0', '');
INSERT INTO sys_resource (id, name, code, url, permission, can_permission, is_default, is_locked, router_id, remarks, create_by, create_date, update_by, update_date, del_flag, properties) VALUES ('723863892476010510', '更新消息发送', 'noticesend/noticeSend', 'noticesend', 'noticeSend:update', '1', '0', '0', '723822523350949890', '', '超级管理员(super)', '2021-11-22 16:01:31', '超级管理员(super)', '2021-11-22 16:01:31', '0', '');
INSERT INTO sys_resource (id, name, code, url, permission, can_permission, is_default, is_locked, router_id, remarks, create_by, create_date, update_by, update_date, del_flag, properties) VALUES ('723863892476010511', '添加消息发送', 'noticesend/noticeSend', 'noticesend', 'noticeSend:create', '1', '0', '0', '723822523350949890', '', '超级管理员(super)', '2021-11-22 16:01:31', '超级管理员(super)', '2021-11-22 16:01:31', '0', '');
INSERT INTO sys_resource (id, name, code, url, permission, can_permission, is_default, is_locked, router_id, remarks, create_by, create_date, update_by, update_date, del_flag, properties) VALUES ('723863892476010512', '查询消息发送', 'noticesend/noticeSend', 'noticesend', 'noticeSend:list', '1', '0', '0', '723822523350949890', '', '超级管理员(super)', '2021-11-22 16:01:31', '超级管理员(super)', '2021-11-22 16:01:31', '0', '');
INSERT INTO sys_resource (id, name, code, url, permission, can_permission, is_default, is_locked, router_id, remarks, create_by, create_date, update_by, update_date, del_flag, properties) VALUES ('723863892476010514', '删除消息发送', 'noticesend/noticeSend', 'noticesend', 'noticeSend:delete', '1', '0', '0', '723822523350949890', '', '超级管理员(super)', '2021-11-22 16:01:31', '超级管理员(super)', '2021-11-22 16:01:31', '0', '');
INSERT INTO sys_resource (id, name, code, url, permission, can_permission, is_default, is_locked, router_id, remarks, create_by, create_date, update_by, update_date, del_flag, properties) VALUES ('723863892476010515', '查看消息发送', 'noticesend/noticeSend', 'noticesend', 'noticeSend:read', '1', '0', '0', '723822523350949890', '', '超级管理员(super)', '2021-11-22 16:01:31', '超级管理员(super)', '2021-11-22 16:01:31', '0', '');
INSERT INTO sys_resource (id, name, code, url, permission, can_permission, is_default, is_locked, router_id, remarks, create_by, create_date, update_by, update_date, del_flag, properties) VALUES ('723863892476010518', '导出消息发送', 'noticesend/noticeSend', 'noticesend', 'noticeSend:export', '1', '0', '0', '723822523350949890', '', '超级管理员(super)', '2021-11-22 16:01:31', '超级管理员(super)', '2021-11-22 16:01:31', '0', '');
INSERT INTO sys_resource (id, name, code, url, permission, can_permission, is_default, is_locked, router_id, remarks, create_by, create_date, update_by, update_date, del_flag, properties) VALUES ('879380741260567093', '查询个人信息', 'homepage/components/Person.vue', '023', 'Person.vue:list', '1', '0', '0', '879380741260567087', '', '超级管理员(super)', '2022-03-07 11:10:03', '超级管理员(super)', '2022-03-07 11:10:03', '0', '');
INSERT INTO sys_resource (id, name, code, url, permission, can_permission, is_default, is_locked, router_id, remarks, create_by, create_date, update_by, update_date, del_flag, properties) VALUES ('879380741260567095', '导出个人信息', 'homepage/components/Person.vue', '023', 'Person.vue:export', '1', '0', '0', '879380741260567087', '', '超级管理员(super)', '2022-03-07 11:10:03', '超级管理员(super)', '2022-03-07 11:10:03', '0', '');
INSERT INTO sys_resource (id, name, code, url, permission, can_permission, is_default, is_locked, router_id, remarks, create_by, create_date, update_by, update_date, del_flag, properties) VALUES ('879380741260567096', '添加个人信息', 'homepage/components/Person.vue', '023', 'Person.vue:create', '1', '0', '0', '879380741260567087', '', '超级管理员(super)', '2022-03-07 11:10:03', '超级管理员(super)', '2022-03-07 11:10:03', '0', '');
INSERT INTO sys_resource (id, name, code, url, permission, can_permission, is_default, is_locked, router_id, remarks, create_by, create_date, update_by, update_date, del_flag, properties) VALUES ('879380741260567097', '查看个人信息', 'homepage/components/Person.vue', '023', 'Person.vue:read', '1', '0', '0', '879380741260567087', '', '超级管理员(super)', '2022-03-07 11:10:03', '超级管理员(super)', '2022-03-07 11:10:03', '0', '');
INSERT INTO sys_resource (id, name, code, url, permission, can_permission, is_default, is_locked, router_id, remarks, create_by, create_date, update_by, update_date, del_flag, properties) VALUES ('879380741260567101', '删除个人信息', 'homepage/components/Person.vue', '023', 'Person.vue:delete', '1', '0', '0', '879380741260567087', '', '超级管理员(super)', '2022-03-07 11:10:04', '超级管理员(super)', '2022-03-07 11:10:04', '0', '');
INSERT INTO sys_resource (id, name, code, url, permission, can_permission, is_default, is_locked, router_id, remarks, create_by, create_date, update_by, update_date, del_flag, properties) VALUES ('879380741260567103', '更新个人信息', 'homepage/components/Person.vue', '023', 'Person.vue:update', '1', '0', '0', '879380741260567087', '', '超级管理员(super)', '2022-03-07 11:10:04', '超级管理员(super)', '2022-03-07 11:10:04', '0', '');
INSERT INTO sys_resource (id, name, code, url, permission, can_permission, is_default, is_locked, router_id, remarks, create_by, create_date, update_by, update_date, del_flag, properties) VALUES ('1088842448018653190', '更新代码方案', 'dc/dcScheme', 'dcScheme', 'dcScheme:update', '1', '0', '0', '1088842448018653188', '', '超级管理员(super)', '2022-07-26 13:21:45', '超级管理员(super)', '2022-07-26 13:21:45', '0', '');
INSERT INTO sys_resource (id, name, code, url, permission, can_permission, is_default, is_locked, router_id, remarks, create_by, create_date, update_by, update_date, del_flag, properties) VALUES ('1088842448018653191', '导出代码方案', 'dc/dcScheme', 'dcScheme', 'dcScheme:export', '1', '0', '0', '1088842448018653188', '', '超级管理员(super)', '2022-07-26 13:21:45', '超级管理员(super)', '2022-07-26 13:21:45', '0', '');
INSERT INTO sys_resource (id, name, code, url, permission, can_permission, is_default, is_locked, router_id, remarks, create_by, create_date, update_by, update_date, del_flag, properties) VALUES ('1088842448018653192', '查询代码方案', 'dc/dcScheme', 'dcScheme', 'dcScheme:list', '1', '0', '0', '1088842448018653188', '', '超级管理员(super)', '2022-07-26 13:21:45', '超级管理员(super)', '2022-07-26 13:21:45', '0', '');
INSERT INTO sys_resource (id, name, code, url, permission, can_permission, is_default, is_locked, router_id, remarks, create_by, create_date, update_by, update_date, del_flag, properties) VALUES ('1088842448018653193', '查看代码方案', 'dc/dcScheme', 'dcScheme', 'dcScheme:read', '1', '0', '0', '1088842448018653188', '', '超级管理员(super)', '2022-07-26 13:21:45', '超级管理员(super)', '2022-07-26 13:21:45', '0', '');
INSERT INTO sys_resource (id, name, code, url, permission, can_permission, is_default, is_locked, router_id, remarks, create_by, create_date, update_by, update_date, del_flag, properties) VALUES ('1088842448018653194', '添加代码方案', 'dc/dcScheme', 'dcScheme', 'dcScheme:create', '1', '0', '0', '1088842448018653188', '', '超级管理员(super)', '2022-07-26 13:21:45', '超级管理员(super)', '2022-07-26 13:21:45', '0', '');
INSERT INTO sys_resource (id, name, code, url, permission, can_permission, is_default, is_locked, router_id, remarks, create_by, create_date, update_by, update_date, del_flag, properties) VALUES ('1088842448018653196', '删除代码方案', 'dc/dcScheme', 'dcScheme', 'dcScheme:delete', '1', '0', '0', '1088842448018653188', '', '超级管理员(super)', '2022-07-26 13:21:45', '超级管理员(super)', '2022-07-26 13:21:45', '0', '');
INSERT INTO sys_resource (id, name, code, url, permission, can_permission, is_default, is_locked, router_id, remarks, create_by, create_date, update_by, update_date, del_flag, properties) VALUES ('1130517735470399508', '定时任务状态', 'schedule/scheduleJob', 'scheduleJob', 'scheduleJob:status', '1', '0', '0', '683902640570327041', 'status：定时任务状态，0暂停 1启动', '超级管理员(super)', '2022-08-23 15:37:44', '超级管理员(super)', '2022-08-23 15:56:21', '0', '');
INSERT INTO sys_resource (id, name, code, url, permission, can_permission, is_default, is_locked, router_id, remarks, create_by, create_date, update_by, update_date, del_flag, properties) VALUES ('1162895604136402947', '添加前端方案', 'dc/dcClienScheme', 'dcClienScheme', 'dcClienScheme:create', '1', '0', '0', '1162895604136402945', '', '超级管理员(super)', '2022-09-14 10:40:28', '超级管理员(super)', '2022-09-14 10:40:28', '0', '');
INSERT INTO sys_resource (id, name, code, url, permission, can_permission, is_default, is_locked, router_id, remarks, create_by, create_date, update_by, update_date, del_flag, properties) VALUES ('1162895604136402948', '删除前端方案', 'dc/dcClienScheme', 'dcClienScheme', 'dcClienScheme:delete', '1', '0', '0', '1162895604136402945', '', '超级管理员(super)', '2022-09-14 10:40:28', '超级管理员(super)', '2022-09-14 10:40:28', '0', '');
INSERT INTO sys_resource (id, name, code, url, permission, can_permission, is_default, is_locked, router_id, remarks, create_by, create_date, update_by, update_date, del_flag, properties) VALUES ('1162895604136402949', '导出前端方案', 'dc/dcClienScheme', 'dcClienScheme', 'dcClienScheme:export', '1', '0', '0', '1162895604136402945', '', '超级管理员(super)', '2022-09-14 10:40:28', '超级管理员(super)', '2022-09-14 10:40:28', '0', '');
INSERT INTO sys_resource (id, name, code, url, permission, can_permission, is_default, is_locked, router_id, remarks, create_by, create_date, update_by, update_date, del_flag, properties) VALUES ('1162895604136402950', '查询前端方案', 'dc/dcClienScheme', 'dcClienScheme', 'dcClienScheme:list', '1', '0', '0', '1162895604136402945', '', '超级管理员(super)', '2022-09-14 10:40:28', '超级管理员(super)', '2022-09-14 10:40:28', '0', '');
INSERT INTO sys_resource (id, name, code, url, permission, can_permission, is_default, is_locked, router_id, remarks, create_by, create_date, update_by, update_date, del_flag, properties) VALUES ('1162895604136402951', '查看前端方案', 'dc/dcClienScheme', 'dcClienScheme', 'dcClienScheme:read', '1', '0', '0', '1162895604136402945', '', '超级管理员(super)', '2022-09-14 10:40:28', '超级管理员(super)', '2022-09-14 10:40:28', '0', '');
INSERT INTO sys_resource (id, name, code, url, permission, can_permission, is_default, is_locked, router_id, remarks, create_by, create_date, update_by, update_date, del_flag, properties) VALUES ('1162895604136402952', '更新前端方案', 'dc/dcClienScheme', 'dcClienScheme', 'dcClienScheme:update', '1', '0', '0', '1162895604136402945', '', '超级管理员(super)', '2022-09-14 10:40:28', '超级管理员(super)', '2022-09-14 10:40:28', '0', '');
INSERT INTO sys_resource (id, name, code, url, permission, can_permission, is_default, is_locked, router_id, remarks, create_by, create_date, update_by, update_date, del_flag, properties) VALUES ('1267118380069445666', '查看后端模板', 'dc/dcTemplate', 'javaTemplate/:typeParam', 'dcTemplate:read', '1', '0', '0', '1154414160417153701', '', '超级管理员(super)', '2022-11-23 16:09:11', '超级管理员(super)', '2022-11-23 16:33:08', '0', '');
INSERT INTO sys_resource (id, name, code, url, permission, can_permission, is_default, is_locked, router_id, remarks, create_by, create_date, update_by, update_date, del_flag, properties) VALUES ('1267118380069445667', '添加后端模板', 'dc/dcTemplate', 'javaTemplate/:typeParam', 'dcTemplate:create', '1', '0', '0', '1154414160417153701', '', '超级管理员(super)', '2022-11-23 16:09:11', '超级管理员(super)', '2022-11-23 16:33:38', '0', '');
INSERT INTO sys_resource (id, name, code, url, permission, can_permission, is_default, is_locked, router_id, remarks, create_by, create_date, update_by, update_date, del_flag, properties) VALUES ('1267118380069445668', '查询后端模板', 'dc/dcTemplate', 'javaTemplate/:typeParam', 'dcTemplate:list', '1', '0', '0', '1154414160417153701', '', '超级管理员(super)', '2022-11-23 16:09:11', '超级管理员(super)', '2022-11-23 16:33:32', '0', '');
INSERT INTO sys_resource (id, name, code, url, permission, can_permission, is_default, is_locked, router_id, remarks, create_by, create_date, update_by, update_date, del_flag, properties) VALUES ('1267118380069445669', '导出后端模板', 'dc/dcTemplate', 'javaTemplate/:typeParam', 'dcTemplate:export', '1', '0', '0', '1154414160417153701', '', '超级管理员(super)', '2022-11-23 16:09:11', '超级管理员(super)', '2022-11-23 16:33:26', '0', '');
INSERT INTO sys_resource (id, name, code, url, permission, can_permission, is_default, is_locked, router_id, remarks, create_by, create_date, update_by, update_date, del_flag, properties) VALUES ('1267118380069445674', '删除后端模板', 'dc/dcTemplate', 'javaTemplate/:typeParam', 'dcTemplate:delete', '1', '0', '0', '1154414160417153701', '', '超级管理员(super)', '2022-11-23 16:09:11', '超级管理员(super)', '2022-11-23 16:33:20', '0', '');
INSERT INTO sys_resource (id, name, code, url, permission, can_permission, is_default, is_locked, router_id, remarks, create_by, create_date, update_by, update_date, del_flag, properties) VALUES ('1267118380069445676', '更新后端模板', 'dc/dcTemplate', 'javaTemplate/:typeParam', 'dcTemplate:update', '1', '0', '0', '1154414160417153701', '', '超级管理员(super)', '2022-11-23 16:09:11', '超级管理员(super)', '2022-11-23 16:33:14', '0', '');
INSERT INTO sys_resource (id, name, code, url, permission, can_permission, is_default, is_locked, router_id, remarks, create_by, create_date, update_by, update_date, del_flag, properties) VALUES ('1267118380069445678', '添加前端模板', 'dc/dcTemplate', 'clienTemplate/:typeParam', 'dcTemplate:create', '1', '0', '0', '1258289971712164100', '', '超级管理员(super)', '2022-11-23 16:13:44', '超级管理员(super)', '2022-11-23 16:34:45', '0', '');
INSERT INTO sys_resource (id, name, code, url, permission, can_permission, is_default, is_locked, router_id, remarks, create_by, create_date, update_by, update_date, del_flag, properties) VALUES ('1267118380069445679', '导出前端模板', 'dc/dcTemplate', 'clienTemplate/:typeParam', 'dcTemplate:export', '1', '0', '0', '1258289971712164100', '', '超级管理员(super)', '2022-11-23 16:13:44', '超级管理员(super)', '2022-11-23 16:34:40', '0', '');
INSERT INTO sys_resource (id, name, code, url, permission, can_permission, is_default, is_locked, router_id, remarks, create_by, create_date, update_by, update_date, del_flag, properties) VALUES ('1267118380069445680', '查询前端模板', 'dc/dcTemplate', 'clienTemplate/:typeParam', 'dcTemplate:list', '1', '0', '0', '1258289971712164100', '', '超级管理员(super)', '2022-11-23 16:13:44', '超级管理员(super)', '2022-11-23 16:34:33', '0', '');
INSERT INTO sys_resource (id, name, code, url, permission, can_permission, is_default, is_locked, router_id, remarks, create_by, create_date, update_by, update_date, del_flag, properties) VALUES ('1267118380069445681', '查看前端模板', 'dc/dcTemplate', 'clienTemplate/:typeParam', 'dcTemplate:read', '1', '0', '0', '1258289971712164100', '', '超级管理员(super)', '2022-11-23 16:13:44', '超级管理员(super)', '2022-11-23 16:34:27', '0', '');
INSERT INTO sys_resource (id, name, code, url, permission, can_permission, is_default, is_locked, router_id, remarks, create_by, create_date, update_by, update_date, del_flag, properties) VALUES ('1267118380069445682', '删除前端模板', 'dc/dcTemplate', 'clienTemplate/:typeParam', 'dcTemplate:delete', '1', '0', '0', '1258289971712164100', '', '超级管理员(super)', '2022-11-23 16:13:44', '超级管理员(super)', '2022-11-23 16:34:20', '0', '');
INSERT INTO sys_resource (id, name, code, url, permission, can_permission, is_default, is_locked, router_id, remarks, create_by, create_date, update_by, update_date, del_flag, properties) VALUES ('1267118380069445688', '更新前端模板', 'dc/dcTemplate', 'clienTemplate/:typeParam', 'dcTemplate:update', '1', '0', '0', '1258289971712164100', '', '超级管理员(super)', '2022-11-23 16:13:44', '超级管理员(super)', '2022-11-23 16:34:13', '0', '');
INSERT INTO sys_resource (id, name, code, url, permission, can_permission, is_default, is_locked, router_id, remarks, create_by, create_date, update_by, update_date, del_flag, properties) VALUES ('1373981684633247747', '查看租户管理', 'ten/tenant', 'tenant', 'tenant:read', '1', '0', '0', '1373981684633247745', '', '超级管理员(super)', '2023-02-03 15:42:39', '超级管理员(super)', '2023-02-03 15:42:39', '0', '');
INSERT INTO sys_resource (id, name, code, url, permission, can_permission, is_default, is_locked, router_id, remarks, create_by, create_date, update_by, update_date, del_flag, properties) VALUES ('1373981684633247748', '导出租户管理', 'ten/tenant', 'tenant', 'tenant:export', '1', '0', '0', '1373981684633247745', '', '超级管理员(super)', '2023-02-03 15:42:39', '超级管理员(super)', '2023-02-03 15:42:39', '0', '');
INSERT INTO sys_resource (id, name, code, url, permission, can_permission, is_default, is_locked, router_id, remarks, create_by, create_date, update_by, update_date, del_flag, properties) VALUES ('1373981684633247749', '删除租户管理', 'ten/tenant', 'tenant', 'tenant:delete', '1', '0', '0', '1373981684633247745', '', '超级管理员(super)', '2023-02-03 15:42:39', '超级管理员(super)', '2023-02-03 15:42:39', '0', '');
INSERT INTO sys_resource (id, name, code, url, permission, can_permission, is_default, is_locked, router_id, remarks, create_by, create_date, update_by, update_date, del_flag, properties) VALUES ('1373981684633247750', '查询租户管理', 'ten/tenant', 'tenant', 'tenant:list', '1', '0', '0', '1373981684633247745', '', '超级管理员(super)', '2023-02-03 15:42:39', '超级管理员(super)', '2023-02-03 15:42:39', '0', '');
INSERT INTO sys_resource (id, name, code, url, permission, can_permission, is_default, is_locked, router_id, remarks, create_by, create_date, update_by, update_date, del_flag, properties) VALUES ('1373981684633247753', '添加租户管理', 'ten/tenant', 'tenant', 'tenant:create', '1', '0', '0', '1373981684633247745', '', '超级管理员(super)', '2023-02-03 15:42:39', '超级管理员(super)', '2023-02-03 15:42:39', '0', '');
INSERT INTO sys_resource (id, name, code, url, permission, can_permission, is_default, is_locked, router_id, remarks, create_by, create_date, update_by, update_date, del_flag, properties) VALUES ('1373981684633247754', '更新租户管理', 'ten/tenant', 'tenant', 'tenant:update', '1', '0', '0', '1373981684633247745', '', '超级管理员(super)', '2023-02-03 15:42:39', '超级管理员(super)', '2023-02-03 15:42:39', '0', '');
INSERT INTO sys_resource (id, name, code, url, permission, can_permission, is_default, is_locked, router_id, remarks, create_by, create_date, update_by, update_date, del_flag, properties) VALUES ('1391744621398016006', '添加租户应用管理', 'ten/tenantApp', 'tenantApp', 'tenantApp:create', '1', '0', '0', '1391744621398016002', '', '超级管理员(super)', '2023-02-15 14:53:12', '超级管理员(super)', '2023-02-15 14:53:12', '0', '');
INSERT INTO sys_resource (id, name, code, url, permission, can_permission, is_default, is_locked, router_id, remarks, create_by, create_date, update_by, update_date, del_flag, properties) VALUES ('1391744621398016007', '查询租户应用管理', 'ten/tenantApp', 'tenantApp', 'tenantApp:list', '1', '0', '0', '1391744621398016002', '', '超级管理员(super)', '2023-02-15 14:53:12', '超级管理员(super)', '2023-02-15 14:53:12', '0', '');
INSERT INTO sys_resource (id, name, code, url, permission, can_permission, is_default, is_locked, router_id, remarks, create_by, create_date, update_by, update_date, del_flag, properties) VALUES ('1391744621398016008', '导出租户应用管理', 'ten/tenantApp', 'tenantApp', 'tenantApp:export', '1', '0', '0', '1391744621398016002', '', '超级管理员(super)', '2023-02-15 14:53:12', '超级管理员(super)', '2023-02-15 14:53:12', '0', '');
INSERT INTO sys_resource (id, name, code, url, permission, can_permission, is_default, is_locked, router_id, remarks, create_by, create_date, update_by, update_date, del_flag, properties) VALUES ('1391744621398016009', '查看租户应用管理', 'ten/tenantApp', 'tenantApp', 'tenantApp:read', '1', '0', '0', '1391744621398016002', '', '超级管理员(super)', '2023-02-15 14:53:12', '超级管理员(super)', '2023-02-15 14:53:12', '0', '');
INSERT INTO sys_resource (id, name, code, url, permission, can_permission, is_default, is_locked, router_id, remarks, create_by, create_date, update_by, update_date, del_flag, properties) VALUES ('1391744621398016014', '删除租户应用管理', 'ten/tenantApp', 'tenantApp', 'tenantApp:delete', '1', '0', '0', '1391744621398016002', '', '超级管理员(super)', '2023-02-15 14:53:12', '超级管理员(super)', '2023-02-15 14:53:12', '0', '');
INSERT INTO sys_resource (id, name, code, url, permission, can_permission, is_default, is_locked, router_id, remarks, create_by, create_date, update_by, update_date, del_flag, properties) VALUES ('1391744621398016015', '更新租户应用管理', 'ten/tenantApp', 'tenantApp', 'tenantApp:update', '1', '0', '0', '1391744621398016002', '', '超级管理员(super)', '2023-02-15 14:53:12', '超级管理员(super)', '2023-02-15 14:53:12', '0', '');
INSERT INTO sys_resource (id, name, code, url, permission, can_permission, is_default, is_locked, router_id, remarks, create_by, create_date, update_by, update_date, del_flag, properties) VALUES ('1400619174883590146', '查看公司应用管理', 'org/companyApp', 'companyApp', 'companyApp:read', '1', '0', '0', '1400572754877038596', '', '超级管理员(super)', '2023-02-21 14:37:02', '超级管理员(super)', '2023-02-21 14:37:02', '0', '');
INSERT INTO sys_resource (id, name, code, url, permission, can_permission, is_default, is_locked, router_id, remarks, create_by, create_date, update_by, update_date, del_flag, properties) VALUES ('1400619174883590147', '查询公司应用管理', 'org/companyApp', 'companyApp', 'companyApp:list', '1', '0', '0', '1400572754877038596', '', '超级管理员(super)', '2023-02-21 14:37:02', '超级管理员(super)', '2023-02-21 14:37:02', '0', '');
INSERT INTO sys_resource (id, name, code, url, permission, can_permission, is_default, is_locked, router_id, remarks, create_by, create_date, update_by, update_date, del_flag, properties) VALUES ('1400619174883590148', '删除公司应用管理', 'org/companyApp', 'companyApp', 'companyApp:delete', '1', '0', '0', '1400572754877038596', '', '超级管理员(super)', '2023-02-21 14:37:02', '超级管理员(super)', '2023-02-21 14:37:02', '0', '');
INSERT INTO sys_resource (id, name, code, url, permission, can_permission, is_default, is_locked, router_id, remarks, create_by, create_date, update_by, update_date, del_flag, properties) VALUES ('1400619174883590149', '导出公司应用管理', 'org/companyApp', 'companyApp', 'companyApp:export', '1', '0', '0', '1400572754877038596', '', '超级管理员(super)', '2023-02-21 14:37:02', '超级管理员(super)', '2023-02-21 14:37:02', '0', '');
INSERT INTO sys_resource (id, name, code, url, permission, can_permission, is_default, is_locked, router_id, remarks, create_by, create_date, update_by, update_date, del_flag, properties) VALUES ('1400619174883590154', '添加公司应用管理', 'org/companyApp', 'companyApp', 'companyApp:create', '1', '0', '0', '1400572754877038596', '', '超级管理员(super)', '2023-02-21 14:37:02', '超级管理员(super)', '2023-02-21 14:37:02', '0', '');
INSERT INTO sys_resource (id, name, code, url, permission, can_permission, is_default, is_locked, router_id, remarks, create_by, create_date, update_by, update_date, del_flag, properties) VALUES ('1400619174883590155', '更新公司应用管理', 'org/companyApp', 'companyApp', 'companyApp:update', '1', '0', '0', '1400572754877038596', '', '超级管理员(super)', '2023-02-21 14:37:02', '超级管理员(super)', '2023-02-21 14:37:02', '0', '');
INSERT INTO sys_resource (id, name, code, url, permission, can_permission, is_default, is_locked, router_id, remarks, create_by, create_date, update_by, update_date, del_flag, properties) VALUES ('1404817419516526640', '删除角色管理', 'admin/role', 'role', 'role:delete', '1', '0', '0', '1403580348676177938', '', '超级管理员(super)', '2023-02-24 10:41:24', '超级管理员(super)', '2023-02-24 10:41:24', '0', '');
INSERT INTO sys_resource (id, name, code, url, permission, can_permission, is_default, is_locked, router_id, remarks, create_by, create_date, update_by, update_date, del_flag, properties) VALUES ('1404817419516526641', '查询角色管理', 'admin/role', 'role', 'role:list', '1', '0', '0', '1403580348676177938', '', '超级管理员(super)', '2023-02-24 10:41:24', '超级管理员(super)', '2023-02-24 10:41:24', '0', '');
INSERT INTO sys_resource (id, name, code, url, permission, can_permission, is_default, is_locked, router_id, remarks, create_by, create_date, update_by, update_date, del_flag, properties) VALUES ('1404817419516526642', '查看角色管理', 'admin/role', 'role', 'role:read', '1', '0', '0', '1403580348676177938', '', '超级管理员(super)', '2023-02-24 10:41:24', '超级管理员(super)', '2023-02-24 10:41:24', '0', '');
INSERT INTO sys_resource (id, name, code, url, permission, can_permission, is_default, is_locked, router_id, remarks, create_by, create_date, update_by, update_date, del_flag, properties) VALUES ('1404817419516526643', '添加角色管理', 'admin/role', 'role', 'role:create', '1', '0', '0', '1403580348676177938', '', '超级管理员(super)', '2023-02-24 10:41:24', '超级管理员(super)', '2023-02-24 10:41:24', '0', '');
INSERT INTO sys_resource (id, name, code, url, permission, can_permission, is_default, is_locked, router_id, remarks, create_by, create_date, update_by, update_date, del_flag, properties) VALUES ('1404817419516526644', '导出角色管理', 'admin/role', 'role', 'role:export', '1', '0', '0', '1403580348676177938', '', '超级管理员(super)', '2023-02-24 10:41:24', '超级管理员(super)', '2023-02-24 10:41:24', '0', '');
INSERT INTO sys_resource (id, name, code, url, permission, can_permission, is_default, is_locked, router_id, remarks, create_by, create_date, update_by, update_date, del_flag, properties) VALUES ('1404817419516526645', '更新角色管理', 'admin/role', 'role', 'role:update', '1', '0', '0', '1403580348676177938', '', '超级管理员(super)', '2023-02-24 10:41:24', '超级管理员(super)', '2023-02-24 10:41:24', '0', '');


-- 字典类型
INSERT INTO sys_dict_type (id, code, name, is_system, remarks, create_by, create_date, update_by, update_date, del_flag) VALUES ('5000', 'actionType', '操作类型', '1', '操作日志中的操作类型', '系统管理员(system)', '2019-12-05 15:07:33', '系统管理员(system)', '2019-12-13 15:34:29', '0');
INSERT INTO sys_dict_type (id, code, name, is_system, remarks, create_by, create_date, update_by, update_date, del_flag) VALUES ('5005', 'wfStatus', '工作流审批状态', '1', '业务单据的数据状态', '系统管理员(system)', '2020-05-30 22:06:55', '超级管理员(super)', '2022-01-28 12:09:49', '0');
INSERT INTO sys_dict_type (id, code, name, is_system, remarks, create_by, create_date, update_by, update_date, del_flag) VALUES ('5006', 'dc_javaType', '低代码-数据类型', '0', '代码生成模块的业务表字段配置数据类型', '超级管理员(super)', '2022-09-27 16:44:44', '超级管理员(super)', '2022-12-07 12:41:14', '0');


-- 字典项
INSERT INTO sys_dict_item (id, dict_type_id, name, value, remarks, create_by, create_date, update_by, update_date, del_flag) VALUES ('8001', '5000', '登录', 'login', '', '系统管理员(system)', '2019-12-05 15:07:33', '系统管理员(system)', '2019-12-13 15:34:29', '0');
INSERT INTO sys_dict_item (id, dict_type_id, name, value, remarks, create_by, create_date, update_by, update_date, del_flag) VALUES ('8007', '5000', '删除', 'deleted', '', '系统管理员(system)', '2019-12-05 15:07:33', '系统管理员(system)', '2019-12-13 15:34:29', '0');
INSERT INTO sys_dict_item (id, dict_type_id, name, value, remarks, create_by, create_date, update_by, update_date, del_flag) VALUES ('8012', '5000', '登出', 'logout', '', '系统管理员(system)', '2019-12-05 15:07:33', '系统管理员(system)', '2019-12-13 15:34:29', '0');
INSERT INTO sys_dict_item (id, dict_type_id, name, value, remarks, create_by, create_date, update_by, update_date, del_flag) VALUES ('8013', '5000', '修改', 'updated', '', '系统管理员(system)', '2019-12-05 15:07:33', '系统管理员(system)', '2019-12-13 15:34:29', '0');
INSERT INTO sys_dict_item (id, dict_type_id, name, value, remarks, create_by, create_date, update_by, update_date, del_flag) VALUES ('8037', '5000', '还原', 'restored', '', '系统管理员(system)', '2019-12-05 15:07:33', '系统管理员(system)', '2019-12-13 15:34:29', '0');
INSERT INTO sys_dict_item (id, dict_type_id, name, value, remarks, create_by, create_date, update_by, update_date, del_flag) VALUES ('8038', '5000', '查询列表', 'listed', '', '系统管理员(system)', '2019-12-05 15:07:33', '系统管理员(system)', '2019-12-13 15:34:29', '0');
INSERT INTO sys_dict_item (id, dict_type_id, name, value, remarks, create_by, create_date, update_by, update_date, del_flag) VALUES ('8039', '5000', '创建', 'created', '', '系统管理员(system)', '2019-12-05 15:07:33', '系统管理员(system)', '2019-12-13 15:34:29', '0');
INSERT INTO sys_dict_item (id, dict_type_id, name, value, remarks, create_by, create_date, update_by, update_date, del_flag) VALUES ('8044', '5005', '已审批', 'COMPLETED', '', '系统管理员(system)', '2020-05-30 22:06:56', '超级管理员(super)', '2022-01-28 12:09:49', '0');
INSERT INTO sys_dict_item (id, dict_type_id, name, value, remarks, create_by, create_date, update_by, update_date, del_flag) VALUES ('8045', '5005', '审批中', 'ACTIVE', '', '系统管理员(system)', '2020-05-30 22:06:56', '超级管理员(super)', '2022-01-28 12:09:49', '0');
INSERT INTO sys_dict_item (id, dict_type_id, name, value, remarks, create_by, create_date, update_by, update_date, del_flag) VALUES ('8046', '5005', '已终止', 'TERMINATED', '', '系统管理员(system)', '2020-05-30 22:06:56', '超级管理员(super)', '2022-01-28 12:09:49', '0');
INSERT INTO sys_dict_item (id, dict_type_id, name, value, remarks, create_by, create_date, update_by, update_date, del_flag) VALUES ('8047', '5005', '草稿', 'DRAFT', '', '系统管理员(system)', '2020-05-30 22:06:56', '超级管理员(super)', '2022-01-28 12:09:49', '0');
INSERT INTO sys_dict_item (id, dict_type_id, name, value, remarks, create_by, create_date, update_by, update_date, del_flag) VALUES ('8100', '5006', 'Custom', 'Custom', '', '超级管理员(super)', '2022-09-27 16:44:44', '超级管理员(super)', '2023-03-14 14:45:21', '0');
INSERT INTO sys_dict_item (id, dict_type_id, name, value, remarks, create_by, create_date, update_by, update_date, del_flag) VALUES ('8101', '5006', 'This', 'This', '', '超级管理员(super)', '2022-09-27 16:44:44', '超级管理员(super)', '2023-03-14 14:45:21', '0');
INSERT INTO sys_dict_item (id, dict_type_id, name, value, remarks, create_by, create_date, update_by, update_date, del_flag) VALUES ('8102', '5006', 'Money', 'java.math.BigDecimal', '', '超级管理员(super)', '2022-09-27 16:44:44', '超级管理员(super)', '2023-03-14 14:45:20', '0');
INSERT INTO sys_dict_item (id, dict_type_id, name, value, remarks, create_by, create_date, update_by, update_date, del_flag) VALUES ('8103', '5006', 'Double', 'Double', '', '超级管理员(super)', '2022-09-27 16:44:44', '超级管理员(super)', '2023-03-14 14:45:20', '0');
INSERT INTO sys_dict_item (id, dict_type_id, name, value, remarks, create_by, create_date, update_by, update_date, del_flag) VALUES ('8104', '5006', 'Float', 'Float', '', '超级管理员(super)', '2022-09-27 16:44:44', '超级管理员(super)', '2023-03-14 14:45:20', '0');
INSERT INTO sys_dict_item (id, dict_type_id, name, value, remarks, create_by, create_date, update_by, update_date, del_flag) VALUES ('8105', '5006', 'Long', 'Long', '', '超级管理员(super)', '2022-09-27 16:44:44', '超级管理员(super)', '2023-03-14 14:45:20', '0');
INSERT INTO sys_dict_item (id, dict_type_id, name, value, remarks, create_by, create_date, update_by, update_date, del_flag) VALUES ('8106', '5006', 'Integer', 'Integer', '', '超级管理员(super)', '2022-09-27 16:44:44', '超级管理员(super)', '2023-03-14 14:45:20', '0');
INSERT INTO sys_dict_item (id, dict_type_id, name, value, remarks, create_by, create_date, update_by, update_date, del_flag) VALUES ('8107', '5006', 'String', 'String', '', '超级管理员(super)', '2022-09-27 16:44:44', '超级管理员(super)', '2023-03-14 14:45:20', '0');
INSERT INTO sys_dict_item (id, dict_type_id, name, value, remarks, create_by, create_date, update_by, update_date, del_flag) VALUES ('8108', '5006', 'Boolean', 'Boolean', '', '超级管理员(super)', '2022-10-22 11:56:23', '超级管理员(super)', '2023-03-14 14:45:20', '0');
INSERT INTO sys_dict_item (id, dict_type_id, name, value, remarks, create_by, create_date, update_by, update_date, del_flag) VALUES ('8109', '5006', 'Mutilple', 'Mutilple', '', '超级管理员(super)', '2022-10-12 15:22:28', '超级管理员(super)', '2023-03-14 14:45:20', '0');
INSERT INTO sys_dict_item (id, dict_type_id, name, value, remarks, create_by, create_date, update_by, update_date, del_flag) VALUES ('8110', '5006', 'Date', 'Date', '', '超级管理员(super)', '2022-09-27 16:44:44', '超级管理员(super)', '2023-03-14 14:45:20', '0');
INSERT INTO sys_dict_item (id, dict_type_id, name, value, remarks, create_by, create_date, update_by, update_date, del_flag) VALUES ('8111', '5006', 'Time', 'Time', '', '超级管理员(super)', '2022-09-27 16:44:44', '超级管理员(super)', '2023-03-14 14:45:20', '0');
INSERT INTO sys_dict_item (id, dict_type_id, name, value, remarks, create_by, create_date, update_by, update_date, del_flag) VALUES ('8112', '5006', 'Month', 'Month', '', '超级管理员(super)', '2022-09-27 16:44:44', '超级管理员(super)', '2023-03-14 14:45:20', '0');
INSERT INTO sys_dict_item (id, dict_type_id, name, value, remarks, create_by, create_date, update_by, update_date, del_flag) VALUES ('8113', '5006', 'Code', 'Code', '', '超级管理员(super)', '2022-09-27 16:44:44', '超级管理员(super)', '2023-03-14 14:45:20', '0');
INSERT INTO sys_dict_item (id, dict_type_id, name, value, remarks, create_by, create_date, update_by, update_date, del_flag) VALUES ('8114', '5006', 'File', 'File', '', '超级管理员(super)', '2022-09-27 16:44:44', '超级管理员(super)', '2023-03-14 14:45:20', '0');
INSERT INTO sys_dict_item (id, dict_type_id, name, value, remarks, create_by, create_date, update_by, update_date, del_flag) VALUES ('8115', '5006', 'Image', 'Image', '', '超级管理员(super)', '2022-10-19 14:02:04', '超级管理员(super)', '2023-03-14 14:45:20', '0');
INSERT INTO sys_dict_item (id, dict_type_id, name, value, remarks, create_by, create_date, update_by, update_date, del_flag) VALUES ('8116', '5006', 'Password', 'Password', '', '超级管理员(super)', '2022-09-27 16:44:44', '超级管理员(super)', '2023-03-14 14:45:20', '0');
INSERT INTO sys_dict_item (id, dict_type_id, name, value, remarks, create_by, create_date, update_by, update_date, del_flag) VALUES ('8117', '5006', 'Remote', 'Remote', '', '超级管理员(super)', '2023-03-14 14:45:20', '超级管理员(super)', '2023-03-14 14:45:21', '0');


-- 角色路由
INSERT INTO sys_router_permission (id, role_id, router_id) VALUES ('1404993770873741315', '2031', '570619064204943406');
INSERT INTO sys_router_permission (id, role_id, router_id) VALUES ('1404993770873741316', '2031', '552789263395020803');
INSERT INTO sys_router_permission (id, role_id, router_id) VALUES ('1404993770873741317', '2031', '552789263395020805');
INSERT INTO sys_router_permission (id, role_id, router_id) VALUES ('1404993770873741318', '2031', '879380741260567087');
INSERT INTO sys_router_permission (id, role_id, router_id) VALUES ('1404993770873741319', '2031', '41105517082353664');
INSERT INTO sys_router_permission (id, role_id, router_id) VALUES ('1404993770873741320', '2031', '52959231682854912');
INSERT INTO sys_router_permission (id, role_id, router_id) VALUES ('1404993770873741321', '2031', '3000');
INSERT INTO sys_router_permission (id, role_id, router_id) VALUES ('1404993770873741322', '2031', '1400572754877038596');
INSERT INTO sys_router_permission (id, role_id, router_id) VALUES ('1404993770873741323', '2031', '70679339033575427');
INSERT INTO sys_router_permission (id, role_id, router_id) VALUES ('1405028525749125121', '2001', '570619064204943406');
INSERT INTO sys_router_permission (id, role_id, router_id) VALUES ('1405028525749125122', '2001', '552789263395020803');
INSERT INTO sys_router_permission (id, role_id, router_id) VALUES ('1405028525749125123', '2001', '552789263395020805');
INSERT INTO sys_router_permission (id, role_id, router_id) VALUES ('1405028525749125124', '2001', '879380741260567087');
INSERT INTO sys_router_permission (id, role_id, router_id) VALUES ('1405028525749125125', '2001', '1373981684633247745');
INSERT INTO sys_router_permission (id, role_id, router_id) VALUES ('1405028525749125126', '2001', '1391744621398016002');
INSERT INTO sys_router_permission (id, role_id, router_id) VALUES ('1405028525749125127', '2001', '3026');
INSERT INTO sys_router_permission (id, role_id, router_id) VALUES ('1405028525749125128', '2001', '3009');
INSERT INTO sys_router_permission (id, role_id, router_id) VALUES ('1405028525749125129', '2001', '70679339033575427');
INSERT INTO sys_router_permission (id, role_id, router_id) VALUES ('1405028525749125130', '2001', '3004');
INSERT INTO sys_router_permission (id, role_id, router_id) VALUES ('1405028525749125131', '2001', '683902640570327041');
INSERT INTO sys_router_permission (id, role_id, router_id) VALUES ('1405107467248050178', '2000', '570619064204943406');
INSERT INTO sys_router_permission (id, role_id, router_id) VALUES ('1405107467248050179', '2000', '552789263395020803');
INSERT INTO sys_router_permission (id, role_id, router_id) VALUES ('1405107467248050180', '2000', '552789263395020805');
INSERT INTO sys_router_permission (id, role_id, router_id) VALUES ('1405107467248050181', '2000', '879380741260567087');
INSERT INTO sys_router_permission (id, role_id, router_id) VALUES ('1405107467248050182', '2000', '3004');
INSERT INTO sys_router_permission (id, role_id, router_id) VALUES ('1405107467248050183', '2000', '3007');
INSERT INTO sys_router_permission (id, role_id, router_id) VALUES ('1405107467248050184', '2000', '3003');
INSERT INTO sys_router_permission (id, role_id, router_id) VALUES ('1405107467248050185', '2000', '3011');
INSERT INTO sys_router_permission (id, role_id, router_id) VALUES ('1405107467248050186', '2000', '1403580348676177938');
INSERT INTO sys_router_permission (id, role_id, router_id) VALUES ('1405107467248050187', '2000', '3026');
INSERT INTO sys_router_permission (id, role_id, router_id) VALUES ('1405107467248050188', '2000', '683902640570327041');
INSERT INTO sys_router_permission (id, role_id, router_id) VALUES ('1405107467248050189', '2000', '3009');
INSERT INTO sys_router_permission (id, role_id, router_id) VALUES ('1405107467248050190', '2000', '1088842448018653184');
INSERT INTO sys_router_permission (id, role_id, router_id) VALUES ('1405107467248050191', '2000', '1154414160417153701');
INSERT INTO sys_router_permission (id, role_id, router_id) VALUES ('1405107467248050192', '2000', '1258289971712164100');
INSERT INTO sys_router_permission (id, role_id, router_id) VALUES ('1405107467248050193', '2000', '1088842448018653188');
INSERT INTO sys_router_permission (id, role_id, router_id) VALUES ('1405107467248050194', '2000', '1162895604136402945');
INSERT INTO sys_router_permission (id, role_id, router_id) VALUES ('1443721181745012753', '2032', '570619064204943406');
INSERT INTO sys_router_permission (id, role_id, router_id) VALUES ('1443721181745012754', '2032', '552789263395020803');
INSERT INTO sys_router_permission (id, role_id, router_id) VALUES ('1443721181745012755', '2032', '552789263395020805');
INSERT INTO sys_router_permission (id, role_id, router_id) VALUES ('1443721181745012756', '2032', '879380741260567087');
INSERT INTO sys_router_permission (id, role_id, router_id) VALUES ('1443721181745012773', '2021', '570619064204943406');
INSERT INTO sys_router_permission (id, role_id, router_id) VALUES ('1443721181745012774', '2021', '552789263395020803');
INSERT INTO sys_router_permission (id, role_id, router_id) VALUES ('1443721181745012775', '2021', '552789263395020805');
INSERT INTO sys_router_permission (id, role_id, router_id) VALUES ('1443721181745012776', '2021', '879380741260567087');
INSERT INTO sys_router_permission (id, role_id, router_id) VALUES ('1443721181745012777', '2021', '41105517082353664');
INSERT INTO sys_router_permission (id, role_id, router_id) VALUES ('1443721181745012778', '2021', '52959231682854912');
INSERT INTO sys_router_permission (id, role_id, router_id) VALUES ('1443721181745012779', '2021', '3000');
INSERT INTO sys_router_permission (id, role_id, router_id) VALUES ('1443721181745012780', '2021', '1400572754877038596');
INSERT INTO sys_router_permission (id, role_id, router_id) VALUES ('1443721181745012781', '2021', '70679339033575427');


-- 角色资源
INSERT INTO sys_resource_permission (id, role_id, resource_id) VALUES ('1404993770873741324', '2031', '664172814948868281');
INSERT INTO sys_resource_permission (id, role_id, resource_id) VALUES ('1404993770873741325', '2031', '664172814948868282');
INSERT INTO sys_resource_permission (id, role_id, resource_id) VALUES ('1404993770873741326', '2031', '664172814948868283');
INSERT INTO sys_resource_permission (id, role_id, resource_id) VALUES ('1404993770873741327', '2031', '664172814948868284');
INSERT INTO sys_resource_permission (id, role_id, resource_id) VALUES ('1404993770873741328', '2031', '664172814948868285');
INSERT INTO sys_resource_permission (id, role_id, resource_id) VALUES ('1404993770873741329', '2031', '664172814948868305');
INSERT INTO sys_resource_permission (id, role_id, resource_id) VALUES ('1404993770873741330', '2031', '664172814948868306');
INSERT INTO sys_resource_permission (id, role_id, resource_id) VALUES ('1404993770873741331', '2031', '664172814948868307');
INSERT INTO sys_resource_permission (id, role_id, resource_id) VALUES ('1404993770873741332', '2031', '664172814948868308');
INSERT INTO sys_resource_permission (id, role_id, resource_id) VALUES ('1404993770873741333', '2031', '664172814948868309');
INSERT INTO sys_resource_permission (id, role_id, resource_id) VALUES ('1404993770873741334', '2031', '879380741260567101');
INSERT INTO sys_resource_permission (id, role_id, resource_id) VALUES ('1404993770873741335', '2031', '879380741260567103');
INSERT INTO sys_resource_permission (id, role_id, resource_id) VALUES ('1404993770873741336', '2031', '879380741260567093');
INSERT INTO sys_resource_permission (id, role_id, resource_id) VALUES ('1404993770873741337', '2031', '879380741260567095');
INSERT INTO sys_resource_permission (id, role_id, resource_id) VALUES ('1404993770873741338', '2031', '879380741260567096');
INSERT INTO sys_resource_permission (id, role_id, resource_id) VALUES ('1404993770873741339', '2031', '879380741260567097');
INSERT INTO sys_resource_permission (id, role_id, resource_id) VALUES ('1404993770873741340', '2031', '41105517082353674');
INSERT INTO sys_resource_permission (id, role_id, resource_id) VALUES ('1404993770873741341', '2031', '41105517082353670');
INSERT INTO sys_resource_permission (id, role_id, resource_id) VALUES ('1404993770873741342', '2031', '41105517082353668');
INSERT INTO sys_resource_permission (id, role_id, resource_id) VALUES ('1404993770873741343', '2031', '41105517082353666');
INSERT INTO sys_resource_permission (id, role_id, resource_id) VALUES ('1404993770873741344', '2031', '54172422505193475');
INSERT INTO sys_resource_permission (id, role_id, resource_id) VALUES ('1404993770873741345', '2031', '52959231682854923');
INSERT INTO sys_resource_permission (id, role_id, resource_id) VALUES ('1404993770873741346', '2031', '52959231682854921');
INSERT INTO sys_resource_permission (id, role_id, resource_id) VALUES ('1404993770873741347', '2031', '52959231682854919');
INSERT INTO sys_resource_permission (id, role_id, resource_id) VALUES ('1404993770873741348', '2031', '52959231682854917');
INSERT INTO sys_resource_permission (id, role_id, resource_id) VALUES ('1404993770873741349', '2031', '52959231682854915');
INSERT INTO sys_resource_permission (id, role_id, resource_id) VALUES ('1404993770873741350', '2031', '9006');
INSERT INTO sys_resource_permission (id, role_id, resource_id) VALUES ('1404993770873741351', '2031', '9049');
INSERT INTO sys_resource_permission (id, role_id, resource_id) VALUES ('1404993770873741352', '2031', '9031');
INSERT INTO sys_resource_permission (id, role_id, resource_id) VALUES ('1404993770873741353', '2031', '9052');
INSERT INTO sys_resource_permission (id, role_id, resource_id) VALUES ('1404993770873741354', '2031', '9001');
INSERT INTO sys_resource_permission (id, role_id, resource_id) VALUES ('1404993770873741355', '2031', '9010');
INSERT INTO sys_resource_permission (id, role_id, resource_id) VALUES ('1404993770873741356', '2031', '1400619174883590146');
INSERT INTO sys_resource_permission (id, role_id, resource_id) VALUES ('1404993770873741357', '2031', '1400619174883590147');
INSERT INTO sys_resource_permission (id, role_id, resource_id) VALUES ('1404993770873741358', '2031', '1400619174883590148');
INSERT INTO sys_resource_permission (id, role_id, resource_id) VALUES ('1404993770873741359', '2031', '1400619174883590149');
INSERT INTO sys_resource_permission (id, role_id, resource_id) VALUES ('1404993770873741360', '2031', '1400619174883590154');
INSERT INTO sys_resource_permission (id, role_id, resource_id) VALUES ('1404993770873741361', '2031', '1400619174883590155');
INSERT INTO sys_resource_permission (id, role_id, resource_id) VALUES ('1405028525749125132', '2001', '664172814948868281');
INSERT INTO sys_resource_permission (id, role_id, resource_id) VALUES ('1405028525749125133', '2001', '664172814948868282');
INSERT INTO sys_resource_permission (id, role_id, resource_id) VALUES ('1405028525749125134', '2001', '664172814948868283');
INSERT INTO sys_resource_permission (id, role_id, resource_id) VALUES ('1405028525749125135', '2001', '664172814948868284');
INSERT INTO sys_resource_permission (id, role_id, resource_id) VALUES ('1405028525749125136', '2001', '664172814948868285');
INSERT INTO sys_resource_permission (id, role_id, resource_id) VALUES ('1405028525749125137', '2001', '664172814948868305');
INSERT INTO sys_resource_permission (id, role_id, resource_id) VALUES ('1405028525749125138', '2001', '664172814948868306');
INSERT INTO sys_resource_permission (id, role_id, resource_id) VALUES ('1405028525749125139', '2001', '664172814948868307');
INSERT INTO sys_resource_permission (id, role_id, resource_id) VALUES ('1405028525749125140', '2001', '664172814948868308');
INSERT INTO sys_resource_permission (id, role_id, resource_id) VALUES ('1405028525749125141', '2001', '664172814948868309');
INSERT INTO sys_resource_permission (id, role_id, resource_id) VALUES ('1405028525749125142', '2001', '879380741260567101');
INSERT INTO sys_resource_permission (id, role_id, resource_id) VALUES ('1405028525749125143', '2001', '879380741260567103');
INSERT INTO sys_resource_permission (id, role_id, resource_id) VALUES ('1405028525749125144', '2001', '879380741260567093');
INSERT INTO sys_resource_permission (id, role_id, resource_id) VALUES ('1405028525749125145', '2001', '879380741260567095');
INSERT INTO sys_resource_permission (id, role_id, resource_id) VALUES ('1405028525749125146', '2001', '879380741260567096');
INSERT INTO sys_resource_permission (id, role_id, resource_id) VALUES ('1405028525749125147', '2001', '879380741260567097');
INSERT INTO sys_resource_permission (id, role_id, resource_id) VALUES ('1405028525749125148', '2001', '1373981684633247747');
INSERT INTO sys_resource_permission (id, role_id, resource_id) VALUES ('1405028525749125149', '2001', '1373981684633247748');
INSERT INTO sys_resource_permission (id, role_id, resource_id) VALUES ('1405028525749125150', '2001', '1373981684633247749');
INSERT INTO sys_resource_permission (id, role_id, resource_id) VALUES ('1405028525749125151', '2001', '1373981684633247750');
INSERT INTO sys_resource_permission (id, role_id, resource_id) VALUES ('1405028525749125152', '2001', '1373981684633247753');
INSERT INTO sys_resource_permission (id, role_id, resource_id) VALUES ('1405028525749125153', '2001', '1373981684633247754');
INSERT INTO sys_resource_permission (id, role_id, resource_id) VALUES ('1405028525749125154', '2001', '1391744621398016006');
INSERT INTO sys_resource_permission (id, role_id, resource_id) VALUES ('1405028525749125155', '2001', '1391744621398016007');
INSERT INTO sys_resource_permission (id, role_id, resource_id) VALUES ('1405028525749125156', '2001', '1391744621398016008');
INSERT INTO sys_resource_permission (id, role_id, resource_id) VALUES ('1405028525749125157', '2001', '1391744621398016009');
INSERT INTO sys_resource_permission (id, role_id, resource_id) VALUES ('1405028525749125158', '2001', '1391744621398016014');
INSERT INTO sys_resource_permission (id, role_id, resource_id) VALUES ('1405028525749125159', '2001', '1391744621398016015');
INSERT INTO sys_resource_permission (id, role_id, resource_id) VALUES ('1405028525749125160', '2001', '9305');
INSERT INTO sys_resource_permission (id, role_id, resource_id) VALUES ('1405028525749125161', '2001', '9306');
INSERT INTO sys_resource_permission (id, role_id, resource_id) VALUES ('1405028525749125162', '2001', '9307');
INSERT INTO sys_resource_permission (id, role_id, resource_id) VALUES ('1405028525749125163', '2001', '9308');
INSERT INTO sys_resource_permission (id, role_id, resource_id) VALUES ('1405028525749125164', '2001', '9309');
INSERT INTO sys_resource_permission (id, role_id, resource_id) VALUES ('1405028525749125165', '2001', '9310');
INSERT INTO sys_resource_permission (id, role_id, resource_id) VALUES ('1405028525749125166', '2001', '1130517735470399508');
INSERT INTO sys_resource_permission (id, role_id, resource_id) VALUES ('1405028525749125167', '2001', '683902640570327047');
INSERT INTO sys_resource_permission (id, role_id, resource_id) VALUES ('1405028525749125168', '2001', '683902640570327049');
INSERT INTO sys_resource_permission (id, role_id, resource_id) VALUES ('1405028525749125169', '2001', '683902640570327050');
INSERT INTO sys_resource_permission (id, role_id, resource_id) VALUES ('1405028525749125170', '2001', '683902640570327051');
INSERT INTO sys_resource_permission (id, role_id, resource_id) VALUES ('1405028525749125171', '2001', '683902640570327052');
INSERT INTO sys_resource_permission (id, role_id, resource_id) VALUES ('1405028525749125172', '2001', '9022');
INSERT INTO sys_resource_permission (id, role_id, resource_id) VALUES ('1405028525749125173', '2001', '9004');
INSERT INTO sys_resource_permission (id, role_id, resource_id) VALUES ('1405028525749125174', '2001', '9043');
INSERT INTO sys_resource_permission (id, role_id, resource_id) VALUES ('1405028525749125175', '2001', '9012');
INSERT INTO sys_resource_permission (id, role_id, resource_id) VALUES ('1405107467248050195', '2000', '664172814948868281');
INSERT INTO sys_resource_permission (id, role_id, resource_id) VALUES ('1405107467248050196', '2000', '664172814948868282');
INSERT INTO sys_resource_permission (id, role_id, resource_id) VALUES ('1405107467248050197', '2000', '664172814948868283');
INSERT INTO sys_resource_permission (id, role_id, resource_id) VALUES ('1405107467248050198', '2000', '664172814948868284');
INSERT INTO sys_resource_permission (id, role_id, resource_id) VALUES ('1405107467248050199', '2000', '664172814948868285');
INSERT INTO sys_resource_permission (id, role_id, resource_id) VALUES ('1405107467248050200', '2000', '664172814948868305');
INSERT INTO sys_resource_permission (id, role_id, resource_id) VALUES ('1405107467248050201', '2000', '664172814948868306');
INSERT INTO sys_resource_permission (id, role_id, resource_id) VALUES ('1405107467248050202', '2000', '664172814948868307');
INSERT INTO sys_resource_permission (id, role_id, resource_id) VALUES ('1405107467248050203', '2000', '664172814948868308');
INSERT INTO sys_resource_permission (id, role_id, resource_id) VALUES ('1405107467248050204', '2000', '664172814948868309');
INSERT INTO sys_resource_permission (id, role_id, resource_id) VALUES ('1405107467248050205', '2000', '879380741260567101');
INSERT INTO sys_resource_permission (id, role_id, resource_id) VALUES ('1405107467248050206', '2000', '879380741260567103');
INSERT INTO sys_resource_permission (id, role_id, resource_id) VALUES ('1405107467248050207', '2000', '879380741260567093');
INSERT INTO sys_resource_permission (id, role_id, resource_id) VALUES ('1405107467248050208', '2000', '879380741260567095');
INSERT INTO sys_resource_permission (id, role_id, resource_id) VALUES ('1405107467248050209', '2000', '879380741260567096');
INSERT INTO sys_resource_permission (id, role_id, resource_id) VALUES ('1405107467248050210', '2000', '879380741260567097');
INSERT INTO sys_resource_permission (id, role_id, resource_id) VALUES ('1405107467248050211', '2000', '9036');
INSERT INTO sys_resource_permission (id, role_id, resource_id) VALUES ('1405107467248050212', '2000', '9039');
INSERT INTO sys_resource_permission (id, role_id, resource_id) VALUES ('1405107467248050213', '2000', '9020');
INSERT INTO sys_resource_permission (id, role_id, resource_id) VALUES ('1405107467248050214', '2000', '9021');
INSERT INTO sys_resource_permission (id, role_id, resource_id) VALUES ('1405107467248050215', '2000', '9027');
INSERT INTO sys_resource_permission (id, role_id, resource_id) VALUES ('1405107467248050216', '2000', '9042');
INSERT INTO sys_resource_permission (id, role_id, resource_id) VALUES ('1405107467248050217', '2000', '9044');
INSERT INTO sys_resource_permission (id, role_id, resource_id) VALUES ('1405107467248050218', '2000', '9048');
INSERT INTO sys_resource_permission (id, role_id, resource_id) VALUES ('1405107467248050219', '2000', '9018');
INSERT INTO sys_resource_permission (id, role_id, resource_id) VALUES ('1405107467248050220', '2000', '9029');
INSERT INTO sys_resource_permission (id, role_id, resource_id) VALUES ('1405107467248050221', '2000', '9037');
INSERT INTO sys_resource_permission (id, role_id, resource_id) VALUES ('1405107467248050222', '2000', '9005');
INSERT INTO sys_resource_permission (id, role_id, resource_id) VALUES ('1405107467248050223', '2000', '9000');
INSERT INTO sys_resource_permission (id, role_id, resource_id) VALUES ('1405107467248050224', '2000', '9047');
INSERT INTO sys_resource_permission (id, role_id, resource_id) VALUES ('1405107467248050225', '2000', '9019');
INSERT INTO sys_resource_permission (id, role_id, resource_id) VALUES ('1405107467248050226', '2000', '9016');
INSERT INTO sys_resource_permission (id, role_id, resource_id) VALUES ('1405107467248050227', '2000', '9003');
INSERT INTO sys_resource_permission (id, role_id, resource_id) VALUES ('1405107467248050228', '2000', '9024');
INSERT INTO sys_resource_permission (id, role_id, resource_id) VALUES ('1405107467248050229', '2000', '1404817419516526640');
INSERT INTO sys_resource_permission (id, role_id, resource_id) VALUES ('1405107467248050230', '2000', '1404817419516526641');
INSERT INTO sys_resource_permission (id, role_id, resource_id) VALUES ('1405107467248050231', '2000', '1404817419516526642');
INSERT INTO sys_resource_permission (id, role_id, resource_id) VALUES ('1405107467248050232', '2000', '1404817419516526643');
INSERT INTO sys_resource_permission (id, role_id, resource_id) VALUES ('1405107467248050233', '2000', '1404817419516526644');
INSERT INTO sys_resource_permission (id, role_id, resource_id) VALUES ('1405107467248050234', '2000', '1404817419516526645');
INSERT INTO sys_resource_permission (id, role_id, resource_id) VALUES ('1405107467248050235', '2000', '9305');
INSERT INTO sys_resource_permission (id, role_id, resource_id) VALUES ('1405107467248050236', '2000', '9306');
INSERT INTO sys_resource_permission (id, role_id, resource_id) VALUES ('1405107467248050237', '2000', '9307');
INSERT INTO sys_resource_permission (id, role_id, resource_id) VALUES ('1405107467248050238', '2000', '9308');
INSERT INTO sys_resource_permission (id, role_id, resource_id) VALUES ('1405107467248050239', '2000', '9309');
INSERT INTO sys_resource_permission (id, role_id, resource_id) VALUES ('1405107467248050240', '2000', '9310');
INSERT INTO sys_resource_permission (id, role_id, resource_id) VALUES ('1405107467248050241', '2000', '1130517735470399508');
INSERT INTO sys_resource_permission (id, role_id, resource_id) VALUES ('1405107467248050242', '2000', '683902640570327047');
INSERT INTO sys_resource_permission (id, role_id, resource_id) VALUES ('1405107467248050243', '2000', '683902640570327049');
INSERT INTO sys_resource_permission (id, role_id, resource_id) VALUES ('1405107467248050244', '2000', '683902640570327050');
INSERT INTO sys_resource_permission (id, role_id, resource_id) VALUES ('1405107467248050245', '2000', '683902640570327051');
INSERT INTO sys_resource_permission (id, role_id, resource_id) VALUES ('1405107467248050246', '2000', '683902640570327052');
INSERT INTO sys_resource_permission (id, role_id, resource_id) VALUES ('1405107467248050247', '2000', '683902640570327056');
INSERT INTO sys_resource_permission (id, role_id, resource_id) VALUES ('1405107467248050248', '2000', '9022');
INSERT INTO sys_resource_permission (id, role_id, resource_id) VALUES ('1405107467248050249', '2000', '9004');
INSERT INTO sys_resource_permission (id, role_id, resource_id) VALUES ('1405107467248050250', '2000', '9043');
INSERT INTO sys_resource_permission (id, role_id, resource_id) VALUES ('1405107467248050251', '2000', '9012');
INSERT INTO sys_resource_permission (id, role_id, resource_id) VALUES ('1405107467248050252', '2000', '1267118380069445667');
INSERT INTO sys_resource_permission (id, role_id, resource_id) VALUES ('1405107467248050253', '2000', '1267118380069445668');
INSERT INTO sys_resource_permission (id, role_id, resource_id) VALUES ('1405107467248050254', '2000', '1267118380069445669');
INSERT INTO sys_resource_permission (id, role_id, resource_id) VALUES ('1405107467248050255', '2000', '1267118380069445674');
INSERT INTO sys_resource_permission (id, role_id, resource_id) VALUES ('1405107467248050256', '2000', '1267118380069445676');
INSERT INTO sys_resource_permission (id, role_id, resource_id) VALUES ('1405107467248050257', '2000', '1267118380069445666');
INSERT INTO sys_resource_permission (id, role_id, resource_id) VALUES ('1405107467248050258', '2000', '1267118380069445678');
INSERT INTO sys_resource_permission (id, role_id, resource_id) VALUES ('1405107467248050259', '2000', '1267118380069445679');
INSERT INTO sys_resource_permission (id, role_id, resource_id) VALUES ('1405107467248050260', '2000', '1267118380069445680');
INSERT INTO sys_resource_permission (id, role_id, resource_id) VALUES ('1405107467248050261', '2000', '1267118380069445681');
INSERT INTO sys_resource_permission (id, role_id, resource_id) VALUES ('1405107467248050262', '2000', '1267118380069445682');
INSERT INTO sys_resource_permission (id, role_id, resource_id) VALUES ('1405107467248050263', '2000', '1267118380069445688');
INSERT INTO sys_resource_permission (id, role_id, resource_id) VALUES ('1405107467248050264', '2000', '1088842448018653190');
INSERT INTO sys_resource_permission (id, role_id, resource_id) VALUES ('1405107467248050265', '2000', '1088842448018653191');
INSERT INTO sys_resource_permission (id, role_id, resource_id) VALUES ('1405107467248050266', '2000', '1088842448018653192');
INSERT INTO sys_resource_permission (id, role_id, resource_id) VALUES ('1405107467248050267', '2000', '1088842448018653193');
INSERT INTO sys_resource_permission (id, role_id, resource_id) VALUES ('1405107467248050268', '2000', '1088842448018653194');
INSERT INTO sys_resource_permission (id, role_id, resource_id) VALUES ('1405107467248050269', '2000', '1088842448018653196');
INSERT INTO sys_resource_permission (id, role_id, resource_id) VALUES ('1405107467248050270', '2000', '1162895604136402947');
INSERT INTO sys_resource_permission (id, role_id, resource_id) VALUES ('1405107467248050271', '2000', '1162895604136402948');
INSERT INTO sys_resource_permission (id, role_id, resource_id) VALUES ('1405107467248050272', '2000', '1162895604136402949');
INSERT INTO sys_resource_permission (id, role_id, resource_id) VALUES ('1405107467248050273', '2000', '1162895604136402950');
INSERT INTO sys_resource_permission (id, role_id, resource_id) VALUES ('1405107467248050274', '2000', '1162895604136402951');
INSERT INTO sys_resource_permission (id, role_id, resource_id) VALUES ('1405107467248050275', '2000', '1162895604136402952');
INSERT INTO sys_resource_permission (id, role_id, resource_id) VALUES ('1443721181745012757', '2032', '664172814948868281');
INSERT INTO sys_resource_permission (id, role_id, resource_id) VALUES ('1443721181745012758', '2032', '664172814948868282');
INSERT INTO sys_resource_permission (id, role_id, resource_id) VALUES ('1443721181745012759', '2032', '664172814948868283');
INSERT INTO sys_resource_permission (id, role_id, resource_id) VALUES ('1443721181745012760', '2032', '664172814948868284');
INSERT INTO sys_resource_permission (id, role_id, resource_id) VALUES ('1443721181745012761', '2032', '664172814948868285');
INSERT INTO sys_resource_permission (id, role_id, resource_id) VALUES ('1443721181745012762', '2032', '664172814948868305');
INSERT INTO sys_resource_permission (id, role_id, resource_id) VALUES ('1443721181745012763', '2032', '664172814948868306');
INSERT INTO sys_resource_permission (id, role_id, resource_id) VALUES ('1443721181745012764', '2032', '664172814948868307');
INSERT INTO sys_resource_permission (id, role_id, resource_id) VALUES ('1443721181745012765', '2032', '664172814948868308');
INSERT INTO sys_resource_permission (id, role_id, resource_id) VALUES ('1443721181745012766', '2032', '664172814948868309');
INSERT INTO sys_resource_permission (id, role_id, resource_id) VALUES ('1443721181745012767', '2032', '879380741260567101');
INSERT INTO sys_resource_permission (id, role_id, resource_id) VALUES ('1443721181745012768', '2032', '879380741260567103');
INSERT INTO sys_resource_permission (id, role_id, resource_id) VALUES ('1443721181745012769', '2032', '879380741260567093');
INSERT INTO sys_resource_permission (id, role_id, resource_id) VALUES ('1443721181745012770', '2032', '879380741260567095');
INSERT INTO sys_resource_permission (id, role_id, resource_id) VALUES ('1443721181745012771', '2032', '879380741260567096');
INSERT INTO sys_resource_permission (id, role_id, resource_id) VALUES ('1443721181745012772', '2032', '879380741260567097');
INSERT INTO sys_resource_permission (id, role_id, resource_id) VALUES ('1443721181745012782', '2021', '664172814948868281');
INSERT INTO sys_resource_permission (id, role_id, resource_id) VALUES ('1443721181745012783', '2021', '664172814948868282');
INSERT INTO sys_resource_permission (id, role_id, resource_id) VALUES ('1443721181745012784', '2021', '664172814948868283');
INSERT INTO sys_resource_permission (id, role_id, resource_id) VALUES ('1443721181745012785', '2021', '664172814948868284');
INSERT INTO sys_resource_permission (id, role_id, resource_id) VALUES ('1443721181745012786', '2021', '664172814948868285');
INSERT INTO sys_resource_permission (id, role_id, resource_id) VALUES ('1443721181745012787', '2021', '664172814948868305');
INSERT INTO sys_resource_permission (id, role_id, resource_id) VALUES ('1443721181745012788', '2021', '664172814948868306');
INSERT INTO sys_resource_permission (id, role_id, resource_id) VALUES ('1443721181745012789', '2021', '664172814948868307');
INSERT INTO sys_resource_permission (id, role_id, resource_id) VALUES ('1443721181745012790', '2021', '664172814948868308');
INSERT INTO sys_resource_permission (id, role_id, resource_id) VALUES ('1443721181745012791', '2021', '664172814948868309');
INSERT INTO sys_resource_permission (id, role_id, resource_id) VALUES ('1443721181745012792', '2021', '879380741260567101');
INSERT INTO sys_resource_permission (id, role_id, resource_id) VALUES ('1443721181745012793', '2021', '879380741260567103');
INSERT INTO sys_resource_permission (id, role_id, resource_id) VALUES ('1443721181745012794', '2021', '879380741260567093');
INSERT INTO sys_resource_permission (id, role_id, resource_id) VALUES ('1443721181745012795', '2021', '879380741260567095');
INSERT INTO sys_resource_permission (id, role_id, resource_id) VALUES ('1443721181745012796', '2021', '879380741260567096');
INSERT INTO sys_resource_permission (id, role_id, resource_id) VALUES ('1443721181745012797', '2021', '879380741260567097');
INSERT INTO sys_resource_permission (id, role_id, resource_id) VALUES ('1443721181745012798', '2021', '41105517082353672');
INSERT INTO sys_resource_permission (id, role_id, resource_id) VALUES ('1443721181745012799', '2021', '41105517082353674');
INSERT INTO sys_resource_permission (id, role_id, resource_id) VALUES ('1443721181745012800', '2021', '41105517082353670');
INSERT INTO sys_resource_permission (id, role_id, resource_id) VALUES ('1443721181745012801', '2021', '41105517082353668');
INSERT INTO sys_resource_permission (id, role_id, resource_id) VALUES ('1443721181745012802', '2021', '41105517082353666');
INSERT INTO sys_resource_permission (id, role_id, resource_id) VALUES ('1443721181745012803', '2021', '54172422505193475');
INSERT INTO sys_resource_permission (id, role_id, resource_id) VALUES ('1443721181745012804', '2021', '52959231682854923');
INSERT INTO sys_resource_permission (id, role_id, resource_id) VALUES ('1443721181745012805', '2021', '52959231682854921');
INSERT INTO sys_resource_permission (id, role_id, resource_id) VALUES ('1443721181745012806', '2021', '52959231682854919');
INSERT INTO sys_resource_permission (id, role_id, resource_id) VALUES ('1443721181745012807', '2021', '52959231682854917');
INSERT INTO sys_resource_permission (id, role_id, resource_id) VALUES ('1443721181745012808', '2021', '52959231682854915');
INSERT INTO sys_resource_permission (id, role_id, resource_id) VALUES ('1443721181745012809', '2021', '9006');
INSERT INTO sys_resource_permission (id, role_id, resource_id) VALUES ('1443721181745012810', '2021', '9049');
INSERT INTO sys_resource_permission (id, role_id, resource_id) VALUES ('1443721181745012811', '2021', '9031');
INSERT INTO sys_resource_permission (id, role_id, resource_id) VALUES ('1443721181745012812', '2021', '9052');
INSERT INTO sys_resource_permission (id, role_id, resource_id) VALUES ('1443721181745012813', '2021', '9001');
INSERT INTO sys_resource_permission (id, role_id, resource_id) VALUES ('1443721181745012814', '2021', '9010');
INSERT INTO sys_resource_permission (id, role_id, resource_id) VALUES ('1443721181745012815', '2021', '1400619174883590146');
INSERT INTO sys_resource_permission (id, role_id, resource_id) VALUES ('1443721181745012816', '2021', '1400619174883590147');
INSERT INTO sys_resource_permission (id, role_id, resource_id) VALUES ('1443721181745012817', '2021', '1400619174883590148');
INSERT INTO sys_resource_permission (id, role_id, resource_id) VALUES ('1443721181745012818', '2021', '1400619174883590149');
INSERT INTO sys_resource_permission (id, role_id, resource_id) VALUES ('1443721181745012819', '2021', '1400619174883590154');
INSERT INTO sys_resource_permission (id, role_id, resource_id) VALUES ('1443721181745012820', '2021', '1400619174883590155');


-- 系统主题
INSERT INTO sys_theme (id, name, theme, is_default, remarks, create_by, create_date, update_by, update_date, del_flag) VALUES ('532442783541223425', '孔雀蓝', '{"theme":"#018CB7","headerColor":"rgb(1, 140, 183)","sidebarColor":"rgb(0, 0, 0)","backgroundColor":"rgb(242, 252, 255)","style":"up-down","size":"mini","fixedHeader":true,"showLogo":true,"showTagsView":false,"datetime":1626426112814}', '1', '', '系统管理员(system)', '2021-07-16 17:03:19', '系统管理员(system)', '2021-07-20 13:50:29', '0');
INSERT INTO sys_theme (id, name, theme, is_default, remarks, create_by, create_date, update_by, update_date, del_flag) VALUES ('532442783541223450', '青草绿', '{"theme":"#11A983","headerColor":"rgb(17, 169, 131)","sidebarColor":"rgb(0, 0, 0)","backgroundColor":"rgb(248, 255, 253)","style":"left-right","size":"mini","fixedHeader":true,"showLogo":true,"showTagsView":false,"datetime":1626426112814}', '0', '', '系统管理员(system)', '2021-07-16 17:29:29', '系统管理员(system)', '2021-07-17 16:30:43', '0');
INSERT INTO sys_theme (id, name, theme, is_default, remarks, create_by, create_date, update_by, update_date, del_flag) VALUES ('533479657365979503', '中国红', '{"theme":"#b62719","headerColor":"rgb(198, 7, 0)","sidebarColor":"rgb(0, 0, 0)","backgroundColor":"rgb(255, 246, 246)","style":"up-down","size":"mini","fixedHeader":true,"showLogo":true,"showTagsView":false,"datetime":1626426112814}', '0', '', '系统管理员(system)', '2021-07-17 16:12:55', '系统管理员(system)', '2021-07-17 16:30:12', '0');
INSERT INTO sys_theme (id, name, theme, is_default, remarks, create_by, create_date, update_by, update_date, del_flag) VALUES ('537966369182081163', '科技黑', '{"theme":"#3d485d","headerColor":"rgb(26, 30, 38)","sidebarColor":"rgb(36, 41, 51)","backgroundColor":"rgb(252, 252, 252)","style":"up-down","size":"mini","fixedHeader":true,"showLogo":true,"showTagsView":false,"datetime":1626426112814}', '0', '', '系统管理员(system)', '2021-07-20 13:36:12', '系统管理员(system)', '2021-07-20 13:36:12', '0');
INSERT INTO sys_theme (id, name, theme, is_default, remarks, create_by, create_date, update_by, update_date, del_flag) VALUES ('537966369182081165', '极简白', '{"theme":"#409EFF","headerColor":"rgb(255, 255, 255)","sidebarColor":"rgb(245, 244, 244)","backgroundColor":"rgb(255, 255, 255)","style":"up-down","size":"mini","fixedHeader":true,"showLogo":true,"showTagsView":false,"datetime":1626426112814}', '0', '', '系统管理员(system)', '2021-07-20 13:40:21', '系统管理员(system)', '2021-07-20 13:50:02', '0');


-- 系统设置
INSERT INTO sys_seting (id, sys_name, sys_abbrname, login_bgcolor, login_layout, project_logo, login_logo, sys_logo, favicon, login_bg, login_graph, remarks, create_by, create_date, update_by, update_date, del_flag) VALUES ('613672228698857510', '新致快速开发平台', '快速开发平台', 'rgb(244, 244, 244)', 'simple-center', '1', '2', '3', '4', '5', '6', '', '系统管理员(system)', '2021-09-09 10:51:40', '超级管理员(super)', '2021-09-15 16:10:32', '0');


-- 附件表
INSERT INTO sys_file (id, object_id, name, file_type, file_size, file_url, remarks, create_by, create_date, update_by, update_date, del_flag) VALUES ('1', '613672228698857510', 'projectLogo.png', 'image/png', '8839', '', '', '系统管理员(system)', '2021-09-09 10:51:40', 'kaka(wkk)', '2021-09-10 17:27:32', '0');
INSERT INTO sys_file (id, object_id, name, file_type, file_size, file_url, remarks, create_by, create_date, update_by, update_date, del_flag) VALUES ('2', '613672228698857510', 'loginLogo.png', 'image/png', '10579', '', '', '系统管理员(system)', '2021-09-09 10:51:40', 'kaka(wkk)', '2021-09-10 15:45:02', '0');
INSERT INTO sys_file (id, object_id, name, file_type, file_size, file_url, remarks, create_by, create_date, update_by, update_date, del_flag) VALUES ('3', '613672228698857510', 'sysLogo.png', 'image/png', '8839', '', '', '系统管理员(system)', '2021-09-09 10:51:40', '超级管理员(super)', '2021-09-15 16:10:31', '0');
INSERT INTO sys_file (id, object_id, name, file_type, file_size, file_url, remarks, create_by, create_date, update_by, update_date, del_flag) VALUES ('4', '613672228698857510', 'favicon.ico', 'image/vnd.microsoft.icon', '1150', '', '', '系统管理员(system)', '2021-09-09 10:51:40', '超级管理员(super)', '2021-09-15 16:10:32', '0');
INSERT INTO sys_file (id, object_id, name, file_type, file_size, file_url, remarks, create_by, create_date, update_by, update_date, del_flag) VALUES ('5', '613672228698857510', 'loginBg.jpg', 'image/jpeg', '604080', '', '', '系统管理员(system)', '2021-09-09 10:51:41', 'kaka(wkk)', '2021-09-10 17:29:26', '0');
INSERT INTO sys_file (id, object_id, name, file_type, file_size, file_url, remarks, create_by, create_date, update_by, update_date, del_flag) VALUES ('6', '613672228698857510', 'loginGraph.jpg', 'image/jpeg', '159585', '', '', '系统管理员(system)', '2021-09-09 10:51:41', 'kaka(wkk)', '2021-09-10 17:32:47', '0');


-- 低代码-查询列


-- 低代码-业务表


-- 低代码-查询条件


